Year,Precip_Moyenne_Region,Temp_Moyenne_Annuelle_POWER,Rayonnement_Solaire_Moyen,GWETTOP,T2M_MAX,T2M_MIN,WS2M,PS,Area_Code,Item_Code
2019,1180.0529666666666,26.801611842105263,18.92727272727273,0.5500657894736843,40.85417763157894,12.459671052631576,2.043980263157895,98.34763157894736,0,2
2020,1180.0529666666666,26.801611842105263,18.92727272727273,0.5500657894736843,40.85417763157894,12.459671052631576,2.043980263157895,98.34763157894736,0,2
2021,1180.0529666666666,26.801611842105263,18.92727272727273,0.5500657894736843,40.85417763157894,12.459671052631576,2.043980263157895,98.34763157894736,0,2
2022,1180.0529666666666,26.801611842105263,18.92727272727273,0.5500657894736843,40.85417763157894,12.459671052631576,2.043980263157895,98.34763157894736,0,2
2023,1180.0529666666666,26.801611842105263,18.92727272727273,0.5500657894736843,40.85417763157894,12.459671052631576,2.043980263157895,98.34763157894736,0,2
2019,1180.0529666666666,26.801611842105263,18.92727272727273,0.5500657894736843,40.85417763157894,12.459671052631576,2.043980263157895,98.34763157894736,0,3
2020,1180.0529666666666,26.801611842105263,18.92727272727273,0.5500657894736843,40.85417763157894,12.459671052631576,2.043980263157895,98.34763157894736,0,3
2021,1180.0529666666666,26.801611842105263,18.92727272727273,0.5500657894736843,40.85417763157894,12.459671052631576,2.043980263157895,98.34763157894736,0,3
2022,1180.0529666666666,26.801611842105263,18.92727272727273,0.5500657894736843,40.85417763157894,12.459671052631576,2.043980263157895,98.34763157894736,0,3
2023,1180.0529666666666,26.801611842105263,18.92727272727273,0.5500657894736843,40.85417763157894,12.459671052631576,2.043980263157895,98.34763157894736,0,3
2019,1180.0529666666666,26.801611842105263,18.92727272727273,0.5500657894736843,40.85417763157894,12.459671052631576,2.043980263157895,98.34763157894736,0,8
2020,1180.0529666666666,26.801611842105263,18.92727272727273,0.5500657894736843,40.85417763157894,12.459671052631576,2.043980263157895,98.34763157894736,0,8
2021,1180.0529666666666,26.801611842105263,18.92727272727273,0.5500657894736843,40.85417763157894,12.459671052631576,2.043980263157895,98.34763157894736,0,8
2022,1180.0529666666666,26.801611842105263,18.92727272727273,0.5500657894736843,40.85417763157894,12.459671052631576,2.043980263157895,98.34763157894736,0,8
2023,1180.0529666666666,26.801611842105263,18.92727272727273,0.5500657894736843,40.85417763157894,12.459671052631576,2.043980263157895,98.34763157894736,0,8
2019,1180.0529666666666,26.801611842105263,18.92727272727273,0.5500657894736843,40.85417763157894,12.459671052631576,2.043980263157895,98.34763157894736,0,10
2020,1180.0529666666666,26.801611842105263,18.92727272727273,0.5500657894736843,40.85417763157894,12.459671052631576,2.043980263157895,98.34763157894736,0,10
2021,1180.0529666666666,26.801611842105263,18.92727272727273,0.5500657894736843,40.85417763157894,12.459671052631576,2.043980263157895,98.34763157894736,0,10
2022,1180.0529666666666,26.801611842105263,18.92727272727273,0.5500657894736843,40.85417763157894,12.459671052631576,2.043980263157895,98.34763157894736,0,10
2023,1180.0529666666666,26.801611842105263,18.92727272727273,0.5500657894736843,40.85417763157894,12.459671052631576,2.043980263157895,98.34763157894736,0,10
2019,1180.0529666666666,26.801611842105263,18.92727272727273,0.5500657894736843,40.85417763157894,12.459671052631576,2.043980263157895,98.34763157894736,0,11
2020,1180.0529666666666,26.801611842105263,18.92727272727273,0.5500657894736843,40.85417763157894,12.459671052631576,2.043980263157895,98.34763157894736,0,11
2021,1180.0529666666666,26.801611842105263,18.92727272727273,0.5500657894736843,40.85417763157894,12.459671052631576,2.043980263157895,98.34763157894736,0,11
2022,1180.0529666666666,26.801611842105263,18.92727272727273,0.5500657894736843,40.85417763157894,12.459671052631576,2.043980263157895,98.34763157894736,0,11
2023,1180.0529666666666,26.801611842105263,18.92727272727273,0.5500657894736843,40.85417763157894,12.459671052631576,2.043980263157895,98.34763157894736,0,11
2019,1180.0529666666666,26.801611842105263,18.92727272727273,0.5500657894736843,40.85417763157894,12.459671052631576,2.043980263157895,98.34763157894736,0,16
2020,1180.0529666666666,26.801611842105263,18.92727272727273,0.5500657894736843,40.85417763157894,12.459671052631576,2.043980263157895,98.34763157894736,0,16
2021,1180.0529666666666,26.801611842105263,18.92727272727273,0.5500657894736843,40.85417763157894,12.459671052631576,2.043980263157895,98.34763157894736,0,16
2022,1180.0529666666666,26.801611842105263,18.92727272727273,0.5500657894736843,40.85417763157894,12.459671052631576,2.043980263157895,98.34763157894736,0,16
2023,1180.0529666666666,26.801611842105263,18.92727272727273,0.5500657894736843,40.85417763157894,12.459671052631576,2.043980263157895,98.34763157894736,0,16
2019,1180.0529666666666,26.801611842105263,18.92727272727273,0.5500657894736843,40.85417763157894,12.459671052631576,2.043980263157895,98.34763157894736,0,19
2020,1180.0529666666666,26.801611842105263,18.92727272727273,0.5500657894736843,40.85417763157894,12.459671052631576,2.043980263157895,98.34763157894736,0,19
2021,1180.0529666666666,26.801611842105263,18.92727272727273,0.5500657894736843,40.85417763157894,12.459671052631576,2.043980263157895,98.34763157894736,0,19
2022,1180.0529666666666,26.801611842105263,18.92727272727273,0.5500657894736843,40.85417763157894,12.459671052631576,2.043980263157895,98.34763157894736,0,19
2023,1180.0529666666666,26.801611842105263,18.92727272727273,0.5500657894736843,40.85417763157894,12.459671052631576,2.043980263157895,98.34763157894736,0,19
2019,1180.0529666666666,26.801611842105263,18.92727272727273,0.5500657894736843,40.85417763157894,12.459671052631576,2.043980263157895,98.34763157894736,0,20
2020,1180.0529666666666,26.801611842105263,18.92727272727273,0.5500657894736843,40.85417763157894,12.459671052631576,2.043980263157895,98.34763157894736,0,20
2021,1180.0529666666666,26.801611842105263,18.92727272727273,0.5500657894736843,40.85417763157894,12.459671052631576,2.043980263157895,98.34763157894736,0,20
2022,1180.0529666666666,26.801611842105263,18.92727272727273,0.5500657894736843,40.85417763157894,12.459671052631576,2.043980263157895,98.34763157894736,0,20
2023,1180.0529666666666,26.801611842105263,18.92727272727273,0.5500657894736843,40.85417763157894,12.459671052631576,2.043980263157895,98.34763157894736,0,20
2019,1180.0529666666666,26.801611842105263,18.92727272727273,0.5500657894736843,40.85417763157894,12.459671052631576,2.043980263157895,98.34763157894736,0,21
2020,1180.0529666666666,26.801611842105263,18.92727272727273,0.5500657894736843,40.85417763157894,12.459671052631576,2.043980263157895,98.34763157894736,0,21
2021,1180.0529666666666,26.801611842105263,18.92727272727273,0.5500657894736843,40.85417763157894,12.459671052631576,2.043980263157895,98.34763157894736,0,21
2022,1180.0529666666666,26.801611842105263,18.92727272727273,0.5500657894736843,40.85417763157894,12.459671052631576,2.043980263157895,98.34763157894736,0,21
2023,1180.0529666666666,26.801611842105263,18.92727272727273,0.5500657894736843,40.85417763157894,12.459671052631576,2.043980263157895,98.34763157894736,0,21
2019,1180.0529666666666,26.801611842105263,18.92727272727273,0.5500657894736843,40.85417763157894,12.459671052631576,2.043980263157895,98.34763157894736,0,23
2020,1180.0529666666666,26.801611842105263,18.92727272727273,0.5500657894736843,40.85417763157894,12.459671052631576,2.043980263157895,98.34763157894736,0,23
2021,1180.0529666666666,26.801611842105263,18.92727272727273,0.5500657894736843,40.85417763157894,12.459671052631576,2.043980263157895,98.34763157894736,0,23
2022,1180.0529666666666,26.801611842105263,18.92727272727273,0.5500657894736843,40.85417763157894,12.459671052631576,2.043980263157895,98.34763157894736,0,23
2023,1180.0529666666666,26.801611842105263,18.92727272727273,0.5500657894736843,40.85417763157894,12.459671052631576,2.043980263157895,98.34763157894736,0,23
2019,1180.0529666666666,26.801611842105263,18.92727272727273,0.5500657894736843,40.85417763157894,12.459671052631576,2.043980263157895,98.34763157894736,0,27
2020,1180.0529666666666,26.801611842105263,18.92727272727273,0.5500657894736843,40.85417763157894,12.459671052631576,2.043980263157895,98.34763157894736,0,27
2021,1180.0529666666666,26.801611842105263,18.92727272727273,0.5500657894736843,40.85417763157894,12.459671052631576,2.043980263157895,98.34763157894736,0,27
2022,1180.0529666666666,26.801611842105263,18.92727272727273,0.5500657894736843,40.85417763157894,12.459671052631576,2.043980263157895,98.34763157894736,0,27
2023,1180.0529666666666,26.801611842105263,18.92727272727273,0.5500657894736843,40.85417763157894,12.459671052631576,2.043980263157895,98.34763157894736,0,27
2019,1180.0529666666666,26.801611842105263,18.92727272727273,0.5500657894736843,40.85417763157894,12.459671052631576,2.043980263157895,98.34763157894736,0,32
2020,1180.0529666666666,26.801611842105263,18.92727272727273,0.5500657894736843,40.85417763157894,12.459671052631576,2.043980263157895,98.34763157894736,0,32
2021,1180.0529666666666,26.801611842105263,18.92727272727273,0.5500657894736843,40.85417763157894,12.459671052631576,2.043980263157895,98.34763157894736,0,32
2022,1180.0529666666666,26.801611842105263,18.92727272727273,0.5500657894736843,40.85417763157894,12.459671052631576,2.043980263157895,98.34763157894736,0,32
2023,1180.0529666666666,26.801611842105263,18.92727272727273,0.5500657894736843,40.85417763157894,12.459671052631576,2.043980263157895,98.34763157894736,0,32
2019,1180.0529666666666,26.801611842105263,18.92727272727273,0.5500657894736843,40.85417763157894,12.459671052631576,2.043980263157895,98.34763157894736,0,33
2020,1180.0529666666666,26.801611842105263,18.92727272727273,0.5500657894736843,40.85417763157894,12.459671052631576,2.043980263157895,98.34763157894736,0,33
2021,1180.0529666666666,26.801611842105263,18.92727272727273,0.5500657894736843,40.85417763157894,12.459671052631576,2.043980263157895,98.34763157894736,0,33
2022,1180.0529666666666,26.801611842105263,18.92727272727273,0.5500657894736843,40.85417763157894,12.459671052631576,2.043980263157895,98.34763157894736,0,33
2023,1180.0529666666666,26.801611842105263,18.92727272727273,0.5500657894736843,40.85417763157894,12.459671052631576,2.043980263157895,98.34763157894736,0,33
2019,1180.0529666666666,26.801611842105263,18.92727272727273,0.5500657894736843,40.85417763157894,12.459671052631576,2.043980263157895,98.34763157894736,0,35
2020,1180.0529666666666,26.801611842105263,18.92727272727273,0.5500657894736843,40.85417763157894,12.459671052631576,2.043980263157895,98.34763157894736,0,35
2021,1180.0529666666666,26.801611842105263,18.92727272727273,0.5500657894736843,40.85417763157894,12.459671052631576,2.043980263157895,98.34763157894736,0,35
2022,1180.0529666666666,26.801611842105263,18.92727272727273,0.5500657894736843,40.85417763157894,12.459671052631576,2.043980263157895,98.34763157894736,0,35
2023,1180.0529666666666,26.801611842105263,18.92727272727273,0.5500657894736843,40.85417763157894,12.459671052631576,2.043980263157895,98.34763157894736,0,35
2019,1180.0529666666666,26.801611842105263,18.92727272727273,0.5500657894736843,40.85417763157894,12.459671052631576,2.043980263157895,98.34763157894736,0,38
2020,1180.0529666666666,26.801611842105263,18.92727272727273,0.5500657894736843,40.85417763157894,12.459671052631576,2.043980263157895,98.34763157894736,0,38
2021,1180.0529666666666,26.801611842105263,18.92727272727273,0.5500657894736843,40.85417763157894,12.459671052631576,2.043980263157895,98.34763157894736,0,38
2022,1180.0529666666666,26.801611842105263,18.92727272727273,0.5500657894736843,40.85417763157894,12.459671052631576,2.043980263157895,98.34763157894736,0,38
2023,1180.0529666666666,26.801611842105263,18.92727272727273,0.5500657894736843,40.85417763157894,12.459671052631576,2.043980263157895,98.34763157894736,0,38
2019,1180.0529666666666,26.801611842105263,18.92727272727273,0.5500657894736843,40.85417763157894,12.459671052631576,2.043980263157895,98.34763157894736,0,39
2020,1180.0529666666666,26.801611842105263,18.92727272727273,0.5500657894736843,40.85417763157894,12.459671052631576,2.043980263157895,98.34763157894736,0,39
2021,1180.0529666666666,26.801611842105263,18.92727272727273,0.5500657894736843,40.85417763157894,12.459671052631576,2.043980263157895,98.34763157894736,0,39
2022,1180.0529666666666,26.801611842105263,18.92727272727273,0.5500657894736843,40.85417763157894,12.459671052631576,2.043980263157895,98.34763157894736,0,39
2023,1180.0529666666666,26.801611842105263,18.92727272727273,0.5500657894736843,40.85417763157894,12.459671052631576,2.043980263157895,98.34763157894736,0,39
2019,1180.0529666666666,26.801611842105263,18.92727272727273,0.5500657894736843,40.85417763157894,12.459671052631576,2.043980263157895,98.34763157894736,0,41
2020,1180.0529666666666,26.801611842105263,18.92727272727273,0.5500657894736843,40.85417763157894,12.459671052631576,2.043980263157895,98.34763157894736,0,41
2021,1180.0529666666666,26.801611842105263,18.92727272727273,0.5500657894736843,40.85417763157894,12.459671052631576,2.043980263157895,98.34763157894736,0,41
2022,1180.0529666666666,26.801611842105263,18.92727272727273,0.5500657894736843,40.85417763157894,12.459671052631576,2.043980263157895,98.34763157894736,0,41
2023,1180.0529666666666,26.801611842105263,18.92727272727273,0.5500657894736843,40.85417763157894,12.459671052631576,2.043980263157895,98.34763157894736,0,41
2019,1180.0529666666666,26.801611842105263,18.92727272727273,0.5500657894736843,40.85417763157894,12.459671052631576,2.043980263157895,98.34763157894736,0,45
2020,1180.0529666666666,26.801611842105263,18.92727272727273,0.5500657894736843,40.85417763157894,12.459671052631576,2.043980263157895,98.34763157894736,0,45
2021,1180.0529666666666,26.801611842105263,18.92727272727273,0.5500657894736843,40.85417763157894,12.459671052631576,2.043980263157895,98.34763157894736,0,45
2022,1180.0529666666666,26.801611842105263,18.92727272727273,0.5500657894736843,40.85417763157894,12.459671052631576,2.043980263157895,98.34763157894736,0,45
2023,1180.0529666666666,26.801611842105263,18.92727272727273,0.5500657894736843,40.85417763157894,12.459671052631576,2.043980263157895,98.34763157894736,0,45
2019,1180.0529666666666,26.801611842105263,18.92727272727273,0.5500657894736843,40.85417763157894,12.459671052631576,2.043980263157895,98.34763157894736,0,48
2020,1180.0529666666666,26.801611842105263,18.92727272727273,0.5500657894736843,40.85417763157894,12.459671052631576,2.043980263157895,98.34763157894736,0,48
2021,1180.0529666666666,26.801611842105263,18.92727272727273,0.5500657894736843,40.85417763157894,12.459671052631576,2.043980263157895,98.34763157894736,0,48
2022,1180.0529666666666,26.801611842105263,18.92727272727273,0.5500657894736843,40.85417763157894,12.459671052631576,2.043980263157895,98.34763157894736,0,48
2023,1180.0529666666666,26.801611842105263,18.92727272727273,0.5500657894736843,40.85417763157894,12.459671052631576,2.043980263157895,98.34763157894736,0,48
2019,1180.0529666666666,26.801611842105263,18.92727272727273,0.5500657894736843,40.85417763157894,12.459671052631576,2.043980263157895,98.34763157894736,0,49
2020,1180.0529666666666,26.801611842105263,18.92727272727273,0.5500657894736843,40.85417763157894,12.459671052631576,2.043980263157895,98.34763157894736,0,49
2021,1180.0529666666666,26.801611842105263,18.92727272727273,0.5500657894736843,40.85417763157894,12.459671052631576,2.043980263157895,98.34763157894736,0,49
2022,1180.0529666666666,26.801611842105263,18.92727272727273,0.5500657894736843,40.85417763157894,12.459671052631576,2.043980263157895,98.34763157894736,0,49
2023,1180.0529666666666,26.801611842105263,18.92727272727273,0.5500657894736843,40.85417763157894,12.459671052631576,2.043980263157895,98.34763157894736,0,49
2019,1180.0529666666666,26.801611842105263,18.92727272727273,0.5500657894736843,40.85417763157894,12.459671052631576,2.043980263157895,98.34763157894736,0,51
2020,1180.0529666666666,26.801611842105263,18.92727272727273,0.5500657894736843,40.85417763157894,12.459671052631576,2.043980263157895,98.34763157894736,0,51
2021,1180.0529666666666,26.801611842105263,18.92727272727273,0.5500657894736843,40.85417763157894,12.459671052631576,2.043980263157895,98.34763157894736,0,51
2022,1180.0529666666666,26.801611842105263,18.92727272727273,0.5500657894736843,40.85417763157894,12.459671052631576,2.043980263157895,98.34763157894736,0,51
2023,1180.0529666666666,26.801611842105263,18.92727272727273,0.5500657894736843,40.85417763157894,12.459671052631576,2.043980263157895,98.34763157894736,0,51
2019,1180.0529666666666,26.801611842105263,18.92727272727273,0.5500657894736843,40.85417763157894,12.459671052631576,2.043980263157895,98.34763157894736,0,54
2020,1180.0529666666666,26.801611842105263,18.92727272727273,0.5500657894736843,40.85417763157894,12.459671052631576,2.043980263157895,98.34763157894736,0,54
2021,1180.0529666666666,26.801611842105263,18.92727272727273,0.5500657894736843,40.85417763157894,12.459671052631576,2.043980263157895,98.34763157894736,0,54
2022,1180.0529666666666,26.801611842105263,18.92727272727273,0.5500657894736843,40.85417763157894,12.459671052631576,2.043980263157895,98.34763157894736,0,54
2023,1180.0529666666666,26.801611842105263,18.92727272727273,0.5500657894736843,40.85417763157894,12.459671052631576,2.043980263157895,98.34763157894736,0,54
2019,1180.0529666666666,26.801611842105263,18.92727272727273,0.5500657894736843,40.85417763157894,12.459671052631576,2.043980263157895,98.34763157894736,0,55
2020,1180.0529666666666,26.801611842105263,18.92727272727273,0.5500657894736843,40.85417763157894,12.459671052631576,2.043980263157895,98.34763157894736,0,55
2021,1180.0529666666666,26.801611842105263,18.92727272727273,0.5500657894736843,40.85417763157894,12.459671052631576,2.043980263157895,98.34763157894736,0,55
2022,1180.0529666666666,26.801611842105263,18.92727272727273,0.5500657894736843,40.85417763157894,12.459671052631576,2.043980263157895,98.34763157894736,0,55
2023,1180.0529666666666,26.801611842105263,18.92727272727273,0.5500657894736843,40.85417763157894,12.459671052631576,2.043980263157895,98.34763157894736,0,55
2019,1180.0529666666666,26.801611842105263,18.92727272727273,0.5500657894736843,40.85417763157894,12.459671052631576,2.043980263157895,98.34763157894736,0,56
2020,1180.0529666666666,26.801611842105263,18.92727272727273,0.5500657894736843,40.85417763157894,12.459671052631576,2.043980263157895,98.34763157894736,0,56
2021,1180.0529666666666,26.801611842105263,18.92727272727273,0.5500657894736843,40.85417763157894,12.459671052631576,2.043980263157895,98.34763157894736,0,56
2022,1180.0529666666666,26.801611842105263,18.92727272727273,0.5500657894736843,40.85417763157894,12.459671052631576,2.043980263157895,98.34763157894736,0,56
2023,1180.0529666666666,26.801611842105263,18.92727272727273,0.5500657894736843,40.85417763157894,12.459671052631576,2.043980263157895,98.34763157894736,0,56
2019,1180.0529666666666,26.801611842105263,18.92727272727273,0.5500657894736843,40.85417763157894,12.459671052631576,2.043980263157895,98.34763157894736,0,60
2020,1180.0529666666666,26.801611842105263,18.92727272727273,0.5500657894736843,40.85417763157894,12.459671052631576,2.043980263157895,98.34763157894736,0,60
2021,1180.0529666666666,26.801611842105263,18.92727272727273,0.5500657894736843,40.85417763157894,12.459671052631576,2.043980263157895,98.34763157894736,0,60
2022,1180.0529666666666,26.801611842105263,18.92727272727273,0.5500657894736843,40.85417763157894,12.459671052631576,2.043980263157895,98.34763157894736,0,60
2023,1180.0529666666666,26.801611842105263,18.92727272727273,0.5500657894736843,40.85417763157894,12.459671052631576,2.043980263157895,98.34763157894736,0,60
2019,1180.0529666666666,26.801611842105263,18.92727272727273,0.5500657894736843,40.85417763157894,12.459671052631576,2.043980263157895,98.34763157894736,0,63
2020,1180.0529666666666,26.801611842105263,18.92727272727273,0.5500657894736843,40.85417763157894,12.459671052631576,2.043980263157895,98.34763157894736,0,63
2021,1180.0529666666666,26.801611842105263,18.92727272727273,0.5500657894736843,40.85417763157894,12.459671052631576,2.043980263157895,98.34763157894736,0,63
2022,1180.0529666666666,26.801611842105263,18.92727272727273,0.5500657894736843,40.85417763157894,12.459671052631576,2.043980263157895,98.34763157894736,0,63
2023,1180.0529666666666,26.801611842105263,18.92727272727273,0.5500657894736843,40.85417763157894,12.459671052631576,2.043980263157895,98.34763157894736,0,63
2019,1180.0529666666666,26.801611842105263,18.92727272727273,0.5500657894736843,40.85417763157894,12.459671052631576,2.043980263157895,98.34763157894736,0,64
2020,1180.0529666666666,26.801611842105263,18.92727272727273,0.5500657894736843,40.85417763157894,12.459671052631576,2.043980263157895,98.34763157894736,0,64
2021,1180.0529666666666,26.801611842105263,18.92727272727273,0.5500657894736843,40.85417763157894,12.459671052631576,2.043980263157895,98.34763157894736,0,64
2022,1180.0529666666666,26.801611842105263,18.92727272727273,0.5500657894736843,40.85417763157894,12.459671052631576,2.043980263157895,98.34763157894736,0,64
2023,1180.0529666666666,26.801611842105263,18.92727272727273,0.5500657894736843,40.85417763157894,12.459671052631576,2.043980263157895,98.34763157894736,0,64
2019,1180.0529666666666,26.801611842105263,18.92727272727273,0.5500657894736843,40.85417763157894,12.459671052631576,2.043980263157895,98.34763157894736,0,65
2020,1180.0529666666666,26.801611842105263,18.92727272727273,0.5500657894736843,40.85417763157894,12.459671052631576,2.043980263157895,98.34763157894736,0,65
2021,1180.0529666666666,26.801611842105263,18.92727272727273,0.5500657894736843,40.85417763157894,12.459671052631576,2.043980263157895,98.34763157894736,0,65
2022,1180.0529666666666,26.801611842105263,18.92727272727273,0.5500657894736843,40.85417763157894,12.459671052631576,2.043980263157895,98.34763157894736,0,65
2023,1180.0529666666666,26.801611842105263,18.92727272727273,0.5500657894736843,40.85417763157894,12.459671052631576,2.043980263157895,98.34763157894736,0,65
2019,1180.0529666666666,26.801611842105263,18.92727272727273,0.5500657894736843,40.85417763157894,12.459671052631576,2.043980263157895,98.34763157894736,0,68
2020,1180.0529666666666,26.801611842105263,18.92727272727273,0.5500657894736843,40.85417763157894,12.459671052631576,2.043980263157895,98.34763157894736,0,68
2021,1180.0529666666666,26.801611842105263,18.92727272727273,0.5500657894736843,40.85417763157894,12.459671052631576,2.043980263157895,98.34763157894736,0,68
2022,1180.0529666666666,26.801611842105263,18.92727272727273,0.5500657894736843,40.85417763157894,12.459671052631576,2.043980263157895,98.34763157894736,0,68
2023,1180.0529666666666,26.801611842105263,18.92727272727273,0.5500657894736843,40.85417763157894,12.459671052631576,2.043980263157895,98.34763157894736,0,68
2019,1180.0529666666666,26.801611842105263,18.92727272727273,0.5500657894736843,40.85417763157894,12.459671052631576,2.043980263157895,98.34763157894736,0,71
2020,1180.0529666666666,26.801611842105263,18.92727272727273,0.5500657894736843,40.85417763157894,12.459671052631576,2.043980263157895,98.34763157894736,0,71
2021,1180.0529666666666,26.801611842105263,18.92727272727273,0.5500657894736843,40.85417763157894,12.459671052631576,2.043980263157895,98.34763157894736,0,71
2022,1180.0529666666666,26.801611842105263,18.92727272727273,0.5500657894736843,40.85417763157894,12.459671052631576,2.043980263157895,98.34763157894736,0,71
2023,1180.0529666666666,26.801611842105263,18.92727272727273,0.5500657894736843,40.85417763157894,12.459671052631576,2.043980263157895,98.34763157894736,0,71
2019,1180.0529666666666,26.801611842105263,18.92727272727273,0.5500657894736843,40.85417763157894,12.459671052631576,2.043980263157895,98.34763157894736,0,73
2020,1180.0529666666666,26.801611842105263,18.92727272727273,0.5500657894736843,40.85417763157894,12.459671052631576,2.043980263157895,98.34763157894736,0,73
2021,1180.0529666666666,26.801611842105263,18.92727272727273,0.5500657894736843,40.85417763157894,12.459671052631576,2.043980263157895,98.34763157894736,0,73
2022,1180.0529666666666,26.801611842105263,18.92727272727273,0.5500657894736843,40.85417763157894,12.459671052631576,2.043980263157895,98.34763157894736,0,73
2023,1180.0529666666666,26.801611842105263,18.92727272727273,0.5500657894736843,40.85417763157894,12.459671052631576,2.043980263157895,98.34763157894736,0,73
2019,1180.0529666666666,26.801611842105263,18.92727272727273,0.5500657894736843,40.85417763157894,12.459671052631576,2.043980263157895,98.34763157894736,0,74
2020,1180.0529666666666,26.801611842105263,18.92727272727273,0.5500657894736843,40.85417763157894,12.459671052631576,2.043980263157895,98.34763157894736,0,74
2021,1180.0529666666666,26.801611842105263,18.92727272727273,0.5500657894736843,40.85417763157894,12.459671052631576,2.043980263157895,98.34763157894736,0,74
2022,1180.0529666666666,26.801611842105263,18.92727272727273,0.5500657894736843,40.85417763157894,12.459671052631576,2.043980263157895,98.34763157894736,0,74
2023,1180.0529666666666,26.801611842105263,18.92727272727273,0.5500657894736843,40.85417763157894,12.459671052631576,2.043980263157895,98.34763157894736,0,74
2019,1180.0529666666666,26.801611842105263,18.92727272727273,0.5500657894736843,40.85417763157894,12.459671052631576,2.043980263157895,98.34763157894736,0,75
2020,1180.0529666666666,26.801611842105263,18.92727272727273,0.5500657894736843,40.85417763157894,12.459671052631576,2.043980263157895,98.34763157894736,0,75
2021,1180.0529666666666,26.801611842105263,18.92727272727273,0.5500657894736843,40.85417763157894,12.459671052631576,2.043980263157895,98.34763157894736,0,75
2022,1180.0529666666666,26.801611842105263,18.92727272727273,0.5500657894736843,40.85417763157894,12.459671052631576,2.043980263157895,98.34763157894736,0,75
2023,1180.0529666666666,26.801611842105263,18.92727272727273,0.5500657894736843,40.85417763157894,12.459671052631576,2.043980263157895,98.34763157894736,0,75
2019,1180.0529666666666,26.801611842105263,18.92727272727273,0.5500657894736843,40.85417763157894,12.459671052631576,2.043980263157895,98.34763157894736,0,76
2020,1180.0529666666666,26.801611842105263,18.92727272727273,0.5500657894736843,40.85417763157894,12.459671052631576,2.043980263157895,98.34763157894736,0,76
2021,1180.0529666666666,26.801611842105263,18.92727272727273,0.5500657894736843,40.85417763157894,12.459671052631576,2.043980263157895,98.34763157894736,0,76
2022,1180.0529666666666,26.801611842105263,18.92727272727273,0.5500657894736843,40.85417763157894,12.459671052631576,2.043980263157895,98.34763157894736,0,76
2023,1180.0529666666666,26.801611842105263,18.92727272727273,0.5500657894736843,40.85417763157894,12.459671052631576,2.043980263157895,98.34763157894736,0,76
2019,1180.0529666666666,26.801611842105263,18.92727272727273,0.5500657894736843,40.85417763157894,12.459671052631576,2.043980263157895,98.34763157894736,0,80
2020,1180.0529666666666,26.801611842105263,18.92727272727273,0.5500657894736843,40.85417763157894,12.459671052631576,2.043980263157895,98.34763157894736,0,80
2021,1180.0529666666666,26.801611842105263,18.92727272727273,0.5500657894736843,40.85417763157894,12.459671052631576,2.043980263157895,98.34763157894736,0,80
2022,1180.0529666666666,26.801611842105263,18.92727272727273,0.5500657894736843,40.85417763157894,12.459671052631576,2.043980263157895,98.34763157894736,0,80
2023,1180.0529666666666,26.801611842105263,18.92727272727273,0.5500657894736843,40.85417763157894,12.459671052631576,2.043980263157895,98.34763157894736,0,80
2019,1180.0529666666666,26.801611842105263,18.92727272727273,0.5500657894736843,40.85417763157894,12.459671052631576,2.043980263157895,98.34763157894736,0,81
2020,1180.0529666666666,26.801611842105263,18.92727272727273,0.5500657894736843,40.85417763157894,12.459671052631576,2.043980263157895,98.34763157894736,0,81
2021,1180.0529666666666,26.801611842105263,18.92727272727273,0.5500657894736843,40.85417763157894,12.459671052631576,2.043980263157895,98.34763157894736,0,81
2022,1180.0529666666666,26.801611842105263,18.92727272727273,0.5500657894736843,40.85417763157894,12.459671052631576,2.043980263157895,98.34763157894736,0,81
2023,1180.0529666666666,26.801611842105263,18.92727272727273,0.5500657894736843,40.85417763157894,12.459671052631576,2.043980263157895,98.34763157894736,0,81
2019,1180.0529666666666,26.801611842105263,18.92727272727273,0.5500657894736843,40.85417763157894,12.459671052631576,2.043980263157895,98.34763157894736,0,83
2020,1180.0529666666666,26.801611842105263,18.92727272727273,0.5500657894736843,40.85417763157894,12.459671052631576,2.043980263157895,98.34763157894736,0,83
2021,1180.0529666666666,26.801611842105263,18.92727272727273,0.5500657894736843,40.85417763157894,12.459671052631576,2.043980263157895,98.34763157894736,0,83
2022,1180.0529666666666,26.801611842105263,18.92727272727273,0.5500657894736843,40.85417763157894,12.459671052631576,2.043980263157895,98.34763157894736,0,83
2023,1180.0529666666666,26.801611842105263,18.92727272727273,0.5500657894736843,40.85417763157894,12.459671052631576,2.043980263157895,98.34763157894736,0,83
2019,1180.0529666666666,26.801611842105263,18.92727272727273,0.5500657894736843,40.85417763157894,12.459671052631576,2.043980263157895,98.34763157894736,0,85
2020,1180.0529666666666,26.801611842105263,18.92727272727273,0.5500657894736843,40.85417763157894,12.459671052631576,2.043980263157895,98.34763157894736,0,85
2021,1180.0529666666666,26.801611842105263,18.92727272727273,0.5500657894736843,40.85417763157894,12.459671052631576,2.043980263157895,98.34763157894736,0,85
2022,1180.0529666666666,26.801611842105263,18.92727272727273,0.5500657894736843,40.85417763157894,12.459671052631576,2.043980263157895,98.34763157894736,0,85
2023,1180.0529666666666,26.801611842105263,18.92727272727273,0.5500657894736843,40.85417763157894,12.459671052631576,2.043980263157895,98.34763157894736,0,85
2019,1180.0529666666666,26.801611842105263,18.92727272727273,0.5500657894736843,40.85417763157894,12.459671052631576,2.043980263157895,98.34763157894736,0,87
2020,1180.0529666666666,26.801611842105263,18.92727272727273,0.5500657894736843,40.85417763157894,12.459671052631576,2.043980263157895,98.34763157894736,0,87
2021,1180.0529666666666,26.801611842105263,18.92727272727273,0.5500657894736843,40.85417763157894,12.459671052631576,2.043980263157895,98.34763157894736,0,87
2022,1180.0529666666666,26.801611842105263,18.92727272727273,0.5500657894736843,40.85417763157894,12.459671052631576,2.043980263157895,98.34763157894736,0,87
2023,1180.0529666666666,26.801611842105263,18.92727272727273,0.5500657894736843,40.85417763157894,12.459671052631576,2.043980263157895,98.34763157894736,0,87
2019,1180.0529666666666,26.801611842105263,18.92727272727273,0.5500657894736843,40.85417763157894,12.459671052631576,2.043980263157895,98.34763157894736,0,92
2020,1180.0529666666666,26.801611842105263,18.92727272727273,0.5500657894736843,40.85417763157894,12.459671052631576,2.043980263157895,98.34763157894736,0,92
2021,1180.0529666666666,26.801611842105263,18.92727272727273,0.5500657894736843,40.85417763157894,12.459671052631576,2.043980263157895,98.34763157894736,0,92
2022,1180.0529666666666,26.801611842105263,18.92727272727273,0.5500657894736843,40.85417763157894,12.459671052631576,2.043980263157895,98.34763157894736,0,92
2023,1180.0529666666666,26.801611842105263,18.92727272727273,0.5500657894736843,40.85417763157894,12.459671052631576,2.043980263157895,98.34763157894736,0,92
2019,1180.0529666666666,26.801611842105263,18.92727272727273,0.5500657894736843,40.85417763157894,12.459671052631576,2.043980263157895,98.34763157894736,0,13
2020,1180.0529666666666,26.801611842105263,18.92727272727273,0.5500657894736843,40.85417763157894,12.459671052631576,2.043980263157895,98.34763157894736,0,13
2021,1180.0529666666666,26.801611842105263,18.92727272727273,0.5500657894736843,40.85417763157894,12.459671052631576,2.043980263157895,98.34763157894736,0,13
2022,1180.0529666666666,26.801611842105263,18.92727272727273,0.5500657894736843,40.85417763157894,12.459671052631576,2.043980263157895,98.34763157894736,0,13
2023,1180.0529666666666,26.801611842105263,18.92727272727273,0.5500657894736843,40.85417763157894,12.459671052631576,2.043980263157895,98.34763157894736,0,13
2019,1180.0529666666666,26.801611842105263,18.92727272727273,0.5500657894736843,40.85417763157894,12.459671052631576,2.043980263157895,98.34763157894736,0,17
2020,1180.0529666666666,26.801611842105263,18.92727272727273,0.5500657894736843,40.85417763157894,12.459671052631576,2.043980263157895,98.34763157894736,0,17
2021,1180.0529666666666,26.801611842105263,18.92727272727273,0.5500657894736843,40.85417763157894,12.459671052631576,2.043980263157895,98.34763157894736,0,17
2022,1180.0529666666666,26.801611842105263,18.92727272727273,0.5500657894736843,40.85417763157894,12.459671052631576,2.043980263157895,98.34763157894736,0,17
2023,1180.0529666666666,26.801611842105263,18.92727272727273,0.5500657894736843,40.85417763157894,12.459671052631576,2.043980263157895,98.34763157894736,0,17
2019,1180.0529666666666,26.801611842105263,18.92727272727273,0.5500657894736843,40.85417763157894,12.459671052631576,2.043980263157895,98.34763157894736,0,26
2020,1180.0529666666666,26.801611842105263,18.92727272727273,0.5500657894736843,40.85417763157894,12.459671052631576,2.043980263157895,98.34763157894736,0,26
2021,1180.0529666666666,26.801611842105263,18.92727272727273,0.5500657894736843,40.85417763157894,12.459671052631576,2.043980263157895,98.34763157894736,0,26
2022,1180.0529666666666,26.801611842105263,18.92727272727273,0.5500657894736843,40.85417763157894,12.459671052631576,2.043980263157895,98.34763157894736,0,26
2023,1180.0529666666666,26.801611842105263,18.92727272727273,0.5500657894736843,40.85417763157894,12.459671052631576,2.043980263157895,98.34763157894736,0,26
2019,1180.0529666666666,26.801611842105263,18.92727272727273,0.5500657894736843,40.85417763157894,12.459671052631576,2.043980263157895,98.34763157894736,0,28
2020,1180.0529666666666,26.801611842105263,18.92727272727273,0.5500657894736843,40.85417763157894,12.459671052631576,2.043980263157895,98.34763157894736,0,28
2021,1180.0529666666666,26.801611842105263,18.92727272727273,0.5500657894736843,40.85417763157894,12.459671052631576,2.043980263157895,98.34763157894736,0,28
2022,1180.0529666666666,26.801611842105263,18.92727272727273,0.5500657894736843,40.85417763157894,12.459671052631576,2.043980263157895,98.34763157894736,0,28
2023,1180.0529666666666,26.801611842105263,18.92727272727273,0.5500657894736843,40.85417763157894,12.459671052631576,2.043980263157895,98.34763157894736,0,28
2019,1180.0529666666666,26.801611842105263,18.92727272727273,0.5500657894736843,40.85417763157894,12.459671052631576,2.043980263157895,98.34763157894736,0,46
2020,1180.0529666666666,26.801611842105263,18.92727272727273,0.5500657894736843,40.85417763157894,12.459671052631576,2.043980263157895,98.34763157894736,0,46
2021,1180.0529666666666,26.801611842105263,18.92727272727273,0.5500657894736843,40.85417763157894,12.459671052631576,2.043980263157895,98.34763157894736,0,46
2022,1180.0529666666666,26.801611842105263,18.92727272727273,0.5500657894736843,40.85417763157894,12.459671052631576,2.043980263157895,98.34763157894736,0,46
2023,1180.0529666666666,26.801611842105263,18.92727272727273,0.5500657894736843,40.85417763157894,12.459671052631576,2.043980263157895,98.34763157894736,0,46
2019,1180.0529666666666,26.801611842105263,18.92727272727273,0.5500657894736843,40.85417763157894,12.459671052631576,2.043980263157895,98.34763157894736,0,47
2020,1180.0529666666666,26.801611842105263,18.92727272727273,0.5500657894736843,40.85417763157894,12.459671052631576,2.043980263157895,98.34763157894736,0,47
2021,1180.0529666666666,26.801611842105263,18.92727272727273,0.5500657894736843,40.85417763157894,12.459671052631576,2.043980263157895,98.34763157894736,0,47
2022,1180.0529666666666,26.801611842105263,18.92727272727273,0.5500657894736843,40.85417763157894,12.459671052631576,2.043980263157895,98.34763157894736,0,47
2023,1180.0529666666666,26.801611842105263,18.92727272727273,0.5500657894736843,40.85417763157894,12.459671052631576,2.043980263157895,98.34763157894736,0,47
2019,1180.0529666666666,26.801611842105263,18.92727272727273,0.5500657894736843,40.85417763157894,12.459671052631576,2.043980263157895,98.34763157894736,0,69
2020,1180.0529666666666,26.801611842105263,18.92727272727273,0.5500657894736843,40.85417763157894,12.459671052631576,2.043980263157895,98.34763157894736,0,69
2021,1180.0529666666666,26.801611842105263,18.92727272727273,0.5500657894736843,40.85417763157894,12.459671052631576,2.043980263157895,98.34763157894736,0,69
2022,1180.0529666666666,26.801611842105263,18.92727272727273,0.5500657894736843,40.85417763157894,12.459671052631576,2.043980263157895,98.34763157894736,0,69
2023,1180.0529666666666,26.801611842105263,18.92727272727273,0.5500657894736843,40.85417763157894,12.459671052631576,2.043980263157895,98.34763157894736,0,69
2019,1180.0529666666666,26.801611842105263,18.92727272727273,0.5500657894736843,40.85417763157894,12.459671052631576,2.043980263157895,98.34763157894736,0,72
2020,1180.0529666666666,26.801611842105263,18.92727272727273,0.5500657894736843,40.85417763157894,12.459671052631576,2.043980263157895,98.34763157894736,0,72
2021,1180.0529666666666,26.801611842105263,18.92727272727273,0.5500657894736843,40.85417763157894,12.459671052631576,2.043980263157895,98.34763157894736,0,72
2022,1180.0529666666666,26.801611842105263,18.92727272727273,0.5500657894736843,40.85417763157894,12.459671052631576,2.043980263157895,98.34763157894736,0,72
2023,1180.0529666666666,26.801611842105263,18.92727272727273,0.5500657894736843,40.85417763157894,12.459671052631576,2.043980263157895,98.34763157894736,0,72
2019,1180.0529666666666,26.801611842105263,18.92727272727273,0.5500657894736843,40.85417763157894,12.459671052631576,2.043980263157895,98.34763157894736,0,78
2020,1180.0529666666666,26.801611842105263,18.92727272727273,0.5500657894736843,40.85417763157894,12.459671052631576,2.043980263157895,98.34763157894736,0,78
2021,1180.0529666666666,26.801611842105263,18.92727272727273,0.5500657894736843,40.85417763157894,12.459671052631576,2.043980263157895,98.34763157894736,0,78
2022,1180.0529666666666,26.801611842105263,18.92727272727273,0.5500657894736843,40.85417763157894,12.459671052631576,2.043980263157895,98.34763157894736,0,78
2023,1180.0529666666666,26.801611842105263,18.92727272727273,0.5500657894736843,40.85417763157894,12.459671052631576,2.043980263157895,98.34763157894736,0,78
2019,1180.0529666666666,26.801611842105263,18.92727272727273,0.5500657894736843,40.85417763157894,12.459671052631576,2.043980263157895,98.34763157894736,0,86
2020,1180.0529666666666,26.801611842105263,18.92727272727273,0.5500657894736843,40.85417763157894,12.459671052631576,2.043980263157895,98.34763157894736,0,86
2021,1180.0529666666666,26.801611842105263,18.92727272727273,0.5500657894736843,40.85417763157894,12.459671052631576,2.043980263157895,98.34763157894736,0,86
2022,1180.0529666666666,26.801611842105263,18.92727272727273,0.5500657894736843,40.85417763157894,12.459671052631576,2.043980263157895,98.34763157894736,0,86
2023,1180.0529666666666,26.801611842105263,18.92727272727273,0.5500657894736843,40.85417763157894,12.459671052631576,2.043980263157895,98.34763157894736,0,86
2019,1180.0529666666666,26.801611842105263,18.92727272727273,0.5500657894736843,40.85417763157894,12.459671052631576,2.043980263157895,98.34763157894736,0,88
2020,1180.0529666666666,26.801611842105263,18.92727272727273,0.5500657894736843,40.85417763157894,12.459671052631576,2.043980263157895,98.34763157894736,0,88
2021,1180.0529666666666,26.801611842105263,18.92727272727273,0.5500657894736843,40.85417763157894,12.459671052631576,2.043980263157895,98.34763157894736,0,88
2022,1180.0529666666666,26.801611842105263,18.92727272727273,0.5500657894736843,40.85417763157894,12.459671052631576,2.043980263157895,98.34763157894736,0,88
2023,1180.0529666666666,26.801611842105263,18.92727272727273,0.5500657894736843,40.85417763157894,12.459671052631576,2.043980263157895,98.34763157894736,0,88
2019,1180.0529666666666,26.801611842105263,18.92727272727273,0.5500657894736843,40.85417763157894,12.459671052631576,2.043980263157895,98.34763157894736,1,0
2020,1180.0529666666666,26.801611842105263,18.92727272727273,0.5500657894736843,40.85417763157894,12.459671052631576,2.043980263157895,98.34763157894736,1,0
2021,1180.0529666666666,26.801611842105263,18.92727272727273,0.5500657894736843,40.85417763157894,12.459671052631576,2.043980263157895,98.34763157894736,1,0
2022,1180.0529666666666,26.801611842105263,18.92727272727273,0.5500657894736843,40.85417763157894,12.459671052631576,2.043980263157895,98.34763157894736,1,0
2023,1180.0529666666666,26.801611842105263,18.92727272727273,0.5500657894736843,40.85417763157894,12.459671052631576,2.043980263157895,98.34763157894736,1,0
2019,1180.0529666666666,26.801611842105263,18.92727272727273,0.5500657894736843,40.85417763157894,12.459671052631576,2.043980263157895,98.34763157894736,1,2
2020,1180.0529666666666,26.801611842105263,18.92727272727273,0.5500657894736843,40.85417763157894,12.459671052631576,2.043980263157895,98.34763157894736,1,2
2021,1180.0529666666666,26.801611842105263,18.92727272727273,0.5500657894736843,40.85417763157894,12.459671052631576,2.043980263157895,98.34763157894736,1,2
2022,1180.0529666666666,26.801611842105263,18.92727272727273,0.5500657894736843,40.85417763157894,12.459671052631576,2.043980263157895,98.34763157894736,1,2
2023,1180.0529666666666,26.801611842105263,18.92727272727273,0.5500657894736843,40.85417763157894,12.459671052631576,2.043980263157895,98.34763157894736,1,2
2019,1180.0529666666666,26.801611842105263,18.92727272727273,0.5500657894736843,40.85417763157894,12.459671052631576,2.043980263157895,98.34763157894736,1,3
2020,1180.0529666666666,26.801611842105263,18.92727272727273,0.5500657894736843,40.85417763157894,12.459671052631576,2.043980263157895,98.34763157894736,1,3
2021,1180.0529666666666,26.801611842105263,18.92727272727273,0.5500657894736843,40.85417763157894,12.459671052631576,2.043980263157895,98.34763157894736,1,3
2022,1180.0529666666666,26.801611842105263,18.92727272727273,0.5500657894736843,40.85417763157894,12.459671052631576,2.043980263157895,98.34763157894736,1,3
2023,1180.0529666666666,26.801611842105263,18.92727272727273,0.5500657894736843,40.85417763157894,12.459671052631576,2.043980263157895,98.34763157894736,1,3
2019,1180.0529666666666,26.801611842105263,18.92727272727273,0.5500657894736843,40.85417763157894,12.459671052631576,2.043980263157895,98.34763157894736,1,8
2020,1180.0529666666666,26.801611842105263,18.92727272727273,0.5500657894736843,40.85417763157894,12.459671052631576,2.043980263157895,98.34763157894736,1,8
2021,1180.0529666666666,26.801611842105263,18.92727272727273,0.5500657894736843,40.85417763157894,12.459671052631576,2.043980263157895,98.34763157894736,1,8
2022,1180.0529666666666,26.801611842105263,18.92727272727273,0.5500657894736843,40.85417763157894,12.459671052631576,2.043980263157895,98.34763157894736,1,8
2023,1180.0529666666666,26.801611842105263,18.92727272727273,0.5500657894736843,40.85417763157894,12.459671052631576,2.043980263157895,98.34763157894736,1,8
2019,1180.0529666666666,26.801611842105263,18.92727272727273,0.5500657894736843,40.85417763157894,12.459671052631576,2.043980263157895,98.34763157894736,1,10
2020,1180.0529666666666,26.801611842105263,18.92727272727273,0.5500657894736843,40.85417763157894,12.459671052631576,2.043980263157895,98.34763157894736,1,10
2021,1180.0529666666666,26.801611842105263,18.92727272727273,0.5500657894736843,40.85417763157894,12.459671052631576,2.043980263157895,98.34763157894736,1,10
2022,1180.0529666666666,26.801611842105263,18.92727272727273,0.5500657894736843,40.85417763157894,12.459671052631576,2.043980263157895,98.34763157894736,1,10
2023,1180.0529666666666,26.801611842105263,18.92727272727273,0.5500657894736843,40.85417763157894,12.459671052631576,2.043980263157895,98.34763157894736,1,10
2019,1180.0529666666666,26.801611842105263,18.92727272727273,0.5500657894736843,40.85417763157894,12.459671052631576,2.043980263157895,98.34763157894736,1,16
2020,1180.0529666666666,26.801611842105263,18.92727272727273,0.5500657894736843,40.85417763157894,12.459671052631576,2.043980263157895,98.34763157894736,1,16
2021,1180.0529666666666,26.801611842105263,18.92727272727273,0.5500657894736843,40.85417763157894,12.459671052631576,2.043980263157895,98.34763157894736,1,16
2022,1180.0529666666666,26.801611842105263,18.92727272727273,0.5500657894736843,40.85417763157894,12.459671052631576,2.043980263157895,98.34763157894736,1,16
2023,1180.0529666666666,26.801611842105263,18.92727272727273,0.5500657894736843,40.85417763157894,12.459671052631576,2.043980263157895,98.34763157894736,1,16
2019,1180.0529666666666,26.801611842105263,18.92727272727273,0.5500657894736843,40.85417763157894,12.459671052631576,2.043980263157895,98.34763157894736,1,21
2020,1180.0529666666666,26.801611842105263,18.92727272727273,0.5500657894736843,40.85417763157894,12.459671052631576,2.043980263157895,98.34763157894736,1,21
2021,1180.0529666666666,26.801611842105263,18.92727272727273,0.5500657894736843,40.85417763157894,12.459671052631576,2.043980263157895,98.34763157894736,1,21
2022,1180.0529666666666,26.801611842105263,18.92727272727273,0.5500657894736843,40.85417763157894,12.459671052631576,2.043980263157895,98.34763157894736,1,21
2023,1180.0529666666666,26.801611842105263,18.92727272727273,0.5500657894736843,40.85417763157894,12.459671052631576,2.043980263157895,98.34763157894736,1,21
2019,1180.0529666666666,26.801611842105263,18.92727272727273,0.5500657894736843,40.85417763157894,12.459671052631576,2.043980263157895,98.34763157894736,1,27
2020,1180.0529666666666,26.801611842105263,18.92727272727273,0.5500657894736843,40.85417763157894,12.459671052631576,2.043980263157895,98.34763157894736,1,27
2021,1180.0529666666666,26.801611842105263,18.92727272727273,0.5500657894736843,40.85417763157894,12.459671052631576,2.043980263157895,98.34763157894736,1,27
2022,1180.0529666666666,26.801611842105263,18.92727272727273,0.5500657894736843,40.85417763157894,12.459671052631576,2.043980263157895,98.34763157894736,1,27
2023,1180.0529666666666,26.801611842105263,18.92727272727273,0.5500657894736843,40.85417763157894,12.459671052631576,2.043980263157895,98.34763157894736,1,27
2019,1180.0529666666666,26.801611842105263,18.92727272727273,0.5500657894736843,40.85417763157894,12.459671052631576,2.043980263157895,98.34763157894736,1,32
2020,1180.0529666666666,26.801611842105263,18.92727272727273,0.5500657894736843,40.85417763157894,12.459671052631576,2.043980263157895,98.34763157894736,1,32
2021,1180.0529666666666,26.801611842105263,18.92727272727273,0.5500657894736843,40.85417763157894,12.459671052631576,2.043980263157895,98.34763157894736,1,32
2022,1180.0529666666666,26.801611842105263,18.92727272727273,0.5500657894736843,40.85417763157894,12.459671052631576,2.043980263157895,98.34763157894736,1,32
2023,1180.0529666666666,26.801611842105263,18.92727272727273,0.5500657894736843,40.85417763157894,12.459671052631576,2.043980263157895,98.34763157894736,1,32
2019,1180.0529666666666,26.801611842105263,18.92727272727273,0.5500657894736843,40.85417763157894,12.459671052631576,2.043980263157895,98.34763157894736,1,33
2020,1180.0529666666666,26.801611842105263,18.92727272727273,0.5500657894736843,40.85417763157894,12.459671052631576,2.043980263157895,98.34763157894736,1,33
2021,1180.0529666666666,26.801611842105263,18.92727272727273,0.5500657894736843,40.85417763157894,12.459671052631576,2.043980263157895,98.34763157894736,1,33
2022,1180.0529666666666,26.801611842105263,18.92727272727273,0.5500657894736843,40.85417763157894,12.459671052631576,2.043980263157895,98.34763157894736,1,33
2023,1180.0529666666666,26.801611842105263,18.92727272727273,0.5500657894736843,40.85417763157894,12.459671052631576,2.043980263157895,98.34763157894736,1,33
2019,1180.0529666666666,26.801611842105263,18.92727272727273,0.5500657894736843,40.85417763157894,12.459671052631576,2.043980263157895,98.34763157894736,1,36
2020,1180.0529666666666,26.801611842105263,18.92727272727273,0.5500657894736843,40.85417763157894,12.459671052631576,2.043980263157895,98.34763157894736,1,36
2021,1180.0529666666666,26.801611842105263,18.92727272727273,0.5500657894736843,40.85417763157894,12.459671052631576,2.043980263157895,98.34763157894736,1,36
2022,1180.0529666666666,26.801611842105263,18.92727272727273,0.5500657894736843,40.85417763157894,12.459671052631576,2.043980263157895,98.34763157894736,1,36
2023,1180.0529666666666,26.801611842105263,18.92727272727273,0.5500657894736843,40.85417763157894,12.459671052631576,2.043980263157895,98.34763157894736,1,36
2019,1180.0529666666666,26.801611842105263,18.92727272727273,0.5500657894736843,40.85417763157894,12.459671052631576,2.043980263157895,98.34763157894736,1,38
2020,1180.0529666666666,26.801611842105263,18.92727272727273,0.5500657894736843,40.85417763157894,12.459671052631576,2.043980263157895,98.34763157894736,1,38
2021,1180.0529666666666,26.801611842105263,18.92727272727273,0.5500657894736843,40.85417763157894,12.459671052631576,2.043980263157895,98.34763157894736,1,38
2022,1180.0529666666666,26.801611842105263,18.92727272727273,0.5500657894736843,40.85417763157894,12.459671052631576,2.043980263157895,98.34763157894736,1,38
2023,1180.0529666666666,26.801611842105263,18.92727272727273,0.5500657894736843,40.85417763157894,12.459671052631576,2.043980263157895,98.34763157894736,1,38
2019,1180.0529666666666,26.801611842105263,18.92727272727273,0.5500657894736843,40.85417763157894,12.459671052631576,2.043980263157895,98.34763157894736,1,39
2020,1180.0529666666666,26.801611842105263,18.92727272727273,0.5500657894736843,40.85417763157894,12.459671052631576,2.043980263157895,98.34763157894736,1,39
2021,1180.0529666666666,26.801611842105263,18.92727272727273,0.5500657894736843,40.85417763157894,12.459671052631576,2.043980263157895,98.34763157894736,1,39
2022,1180.0529666666666,26.801611842105263,18.92727272727273,0.5500657894736843,40.85417763157894,12.459671052631576,2.043980263157895,98.34763157894736,1,39
2023,1180.0529666666666,26.801611842105263,18.92727272727273,0.5500657894736843,40.85417763157894,12.459671052631576,2.043980263157895,98.34763157894736,1,39
2019,1180.0529666666666,26.801611842105263,18.92727272727273,0.5500657894736843,40.85417763157894,12.459671052631576,2.043980263157895,98.34763157894736,1,41
2020,1180.0529666666666,26.801611842105263,18.92727272727273,0.5500657894736843,40.85417763157894,12.459671052631576,2.043980263157895,98.34763157894736,1,41
2021,1180.0529666666666,26.801611842105263,18.92727272727273,0.5500657894736843,40.85417763157894,12.459671052631576,2.043980263157895,98.34763157894736,1,41
2022,1180.0529666666666,26.801611842105263,18.92727272727273,0.5500657894736843,40.85417763157894,12.459671052631576,2.043980263157895,98.34763157894736,1,41
2023,1180.0529666666666,26.801611842105263,18.92727272727273,0.5500657894736843,40.85417763157894,12.459671052631576,2.043980263157895,98.34763157894736,1,41
2019,1180.0529666666666,26.801611842105263,18.92727272727273,0.5500657894736843,40.85417763157894,12.459671052631576,2.043980263157895,98.34763157894736,1,48
2020,1180.0529666666666,26.801611842105263,18.92727272727273,0.5500657894736843,40.85417763157894,12.459671052631576,2.043980263157895,98.34763157894736,1,48
2021,1180.0529666666666,26.801611842105263,18.92727272727273,0.5500657894736843,40.85417763157894,12.459671052631576,2.043980263157895,98.34763157894736,1,48
2022,1180.0529666666666,26.801611842105263,18.92727272727273,0.5500657894736843,40.85417763157894,12.459671052631576,2.043980263157895,98.34763157894736,1,48
2023,1180.0529666666666,26.801611842105263,18.92727272727273,0.5500657894736843,40.85417763157894,12.459671052631576,2.043980263157895,98.34763157894736,1,48
2019,1180.0529666666666,26.801611842105263,18.92727272727273,0.5500657894736843,40.85417763157894,12.459671052631576,2.043980263157895,98.34763157894736,1,50
2020,1180.0529666666666,26.801611842105263,18.92727272727273,0.5500657894736843,40.85417763157894,12.459671052631576,2.043980263157895,98.34763157894736,1,50
2021,1180.0529666666666,26.801611842105263,18.92727272727273,0.5500657894736843,40.85417763157894,12.459671052631576,2.043980263157895,98.34763157894736,1,50
2022,1180.0529666666666,26.801611842105263,18.92727272727273,0.5500657894736843,40.85417763157894,12.459671052631576,2.043980263157895,98.34763157894736,1,50
2023,1180.0529666666666,26.801611842105263,18.92727272727273,0.5500657894736843,40.85417763157894,12.459671052631576,2.043980263157895,98.34763157894736,1,50
2019,1180.0529666666666,26.801611842105263,18.92727272727273,0.5500657894736843,40.85417763157894,12.459671052631576,2.043980263157895,98.34763157894736,1,51
2020,1180.0529666666666,26.801611842105263,18.92727272727273,0.5500657894736843,40.85417763157894,12.459671052631576,2.043980263157895,98.34763157894736,1,51
2021,1180.0529666666666,26.801611842105263,18.92727272727273,0.5500657894736843,40.85417763157894,12.459671052631576,2.043980263157895,98.34763157894736,1,51
2022,1180.0529666666666,26.801611842105263,18.92727272727273,0.5500657894736843,40.85417763157894,12.459671052631576,2.043980263157895,98.34763157894736,1,51
2023,1180.0529666666666,26.801611842105263,18.92727272727273,0.5500657894736843,40.85417763157894,12.459671052631576,2.043980263157895,98.34763157894736,1,51
2019,1180.0529666666666,26.801611842105263,18.92727272727273,0.5500657894736843,40.85417763157894,12.459671052631576,2.043980263157895,98.34763157894736,1,52
2020,1180.0529666666666,26.801611842105263,18.92727272727273,0.5500657894736843,40.85417763157894,12.459671052631576,2.043980263157895,98.34763157894736,1,52
2021,1180.0529666666666,26.801611842105263,18.92727272727273,0.5500657894736843,40.85417763157894,12.459671052631576,2.043980263157895,98.34763157894736,1,52
2022,1180.0529666666666,26.801611842105263,18.92727272727273,0.5500657894736843,40.85417763157894,12.459671052631576,2.043980263157895,98.34763157894736,1,52
2023,1180.0529666666666,26.801611842105263,18.92727272727273,0.5500657894736843,40.85417763157894,12.459671052631576,2.043980263157895,98.34763157894736,1,52
2019,1180.0529666666666,26.801611842105263,18.92727272727273,0.5500657894736843,40.85417763157894,12.459671052631576,2.043980263157895,98.34763157894736,1,54
2020,1180.0529666666666,26.801611842105263,18.92727272727273,0.5500657894736843,40.85417763157894,12.459671052631576,2.043980263157895,98.34763157894736,1,54
2021,1180.0529666666666,26.801611842105263,18.92727272727273,0.5500657894736843,40.85417763157894,12.459671052631576,2.043980263157895,98.34763157894736,1,54
2022,1180.0529666666666,26.801611842105263,18.92727272727273,0.5500657894736843,40.85417763157894,12.459671052631576,2.043980263157895,98.34763157894736,1,54
2023,1180.0529666666666,26.801611842105263,18.92727272727273,0.5500657894736843,40.85417763157894,12.459671052631576,2.043980263157895,98.34763157894736,1,54
2019,1180.0529666666666,26.801611842105263,18.92727272727273,0.5500657894736843,40.85417763157894,12.459671052631576,2.043980263157895,98.34763157894736,1,57
2020,1180.0529666666666,26.801611842105263,18.92727272727273,0.5500657894736843,40.85417763157894,12.459671052631576,2.043980263157895,98.34763157894736,1,57
2021,1180.0529666666666,26.801611842105263,18.92727272727273,0.5500657894736843,40.85417763157894,12.459671052631576,2.043980263157895,98.34763157894736,1,57
2022,1180.0529666666666,26.801611842105263,18.92727272727273,0.5500657894736843,40.85417763157894,12.459671052631576,2.043980263157895,98.34763157894736,1,57
2023,1180.0529666666666,26.801611842105263,18.92727272727273,0.5500657894736843,40.85417763157894,12.459671052631576,2.043980263157895,98.34763157894736,1,57
2019,1180.0529666666666,26.801611842105263,18.92727272727273,0.5500657894736843,40.85417763157894,12.459671052631576,2.043980263157895,98.34763157894736,1,58
2020,1180.0529666666666,26.801611842105263,18.92727272727273,0.5500657894736843,40.85417763157894,12.459671052631576,2.043980263157895,98.34763157894736,1,58
2021,1180.0529666666666,26.801611842105263,18.92727272727273,0.5500657894736843,40.85417763157894,12.459671052631576,2.043980263157895,98.34763157894736,1,58
2022,1180.0529666666666,26.801611842105263,18.92727272727273,0.5500657894736843,40.85417763157894,12.459671052631576,2.043980263157895,98.34763157894736,1,58
2023,1180.0529666666666,26.801611842105263,18.92727272727273,0.5500657894736843,40.85417763157894,12.459671052631576,2.043980263157895,98.34763157894736,1,58
2019,1180.0529666666666,26.801611842105263,18.92727272727273,0.5500657894736843,40.85417763157894,12.459671052631576,2.043980263157895,98.34763157894736,1,59
2020,1180.0529666666666,26.801611842105263,18.92727272727273,0.5500657894736843,40.85417763157894,12.459671052631576,2.043980263157895,98.34763157894736,1,59
2021,1180.0529666666666,26.801611842105263,18.92727272727273,0.5500657894736843,40.85417763157894,12.459671052631576,2.043980263157895,98.34763157894736,1,59
2022,1180.0529666666666,26.801611842105263,18.92727272727273,0.5500657894736843,40.85417763157894,12.459671052631576,2.043980263157895,98.34763157894736,1,59
2023,1180.0529666666666,26.801611842105263,18.92727272727273,0.5500657894736843,40.85417763157894,12.459671052631576,2.043980263157895,98.34763157894736,1,59
2019,1180.0529666666666,26.801611842105263,18.92727272727273,0.5500657894736843,40.85417763157894,12.459671052631576,2.043980263157895,98.34763157894736,1,60
2020,1180.0529666666666,26.801611842105263,18.92727272727273,0.5500657894736843,40.85417763157894,12.459671052631576,2.043980263157895,98.34763157894736,1,60
2021,1180.0529666666666,26.801611842105263,18.92727272727273,0.5500657894736843,40.85417763157894,12.459671052631576,2.043980263157895,98.34763157894736,1,60
2022,1180.0529666666666,26.801611842105263,18.92727272727273,0.5500657894736843,40.85417763157894,12.459671052631576,2.043980263157895,98.34763157894736,1,60
2023,1180.0529666666666,26.801611842105263,18.92727272727273,0.5500657894736843,40.85417763157894,12.459671052631576,2.043980263157895,98.34763157894736,1,60
2019,1180.0529666666666,26.801611842105263,18.92727272727273,0.5500657894736843,40.85417763157894,12.459671052631576,2.043980263157895,98.34763157894736,1,63
2020,1180.0529666666666,26.801611842105263,18.92727272727273,0.5500657894736843,40.85417763157894,12.459671052631576,2.043980263157895,98.34763157894736,1,63
2021,1180.0529666666666,26.801611842105263,18.92727272727273,0.5500657894736843,40.85417763157894,12.459671052631576,2.043980263157895,98.34763157894736,1,63
2022,1180.0529666666666,26.801611842105263,18.92727272727273,0.5500657894736843,40.85417763157894,12.459671052631576,2.043980263157895,98.34763157894736,1,63
2023,1180.0529666666666,26.801611842105263,18.92727272727273,0.5500657894736843,40.85417763157894,12.459671052631576,2.043980263157895,98.34763157894736,1,63
2019,1180.0529666666666,26.801611842105263,18.92727272727273,0.5500657894736843,40.85417763157894,12.459671052631576,2.043980263157895,98.34763157894736,1,67
2020,1180.0529666666666,26.801611842105263,18.92727272727273,0.5500657894736843,40.85417763157894,12.459671052631576,2.043980263157895,98.34763157894736,1,67
2021,1180.0529666666666,26.801611842105263,18.92727272727273,0.5500657894736843,40.85417763157894,12.459671052631576,2.043980263157895,98.34763157894736,1,67
2022,1180.0529666666666,26.801611842105263,18.92727272727273,0.5500657894736843,40.85417763157894,12.459671052631576,2.043980263157895,98.34763157894736,1,67
2023,1180.0529666666666,26.801611842105263,18.92727272727273,0.5500657894736843,40.85417763157894,12.459671052631576,2.043980263157895,98.34763157894736,1,67
2019,1180.0529666666666,26.801611842105263,18.92727272727273,0.5500657894736843,40.85417763157894,12.459671052631576,2.043980263157895,98.34763157894736,1,68
2020,1180.0529666666666,26.801611842105263,18.92727272727273,0.5500657894736843,40.85417763157894,12.459671052631576,2.043980263157895,98.34763157894736,1,68
2021,1180.0529666666666,26.801611842105263,18.92727272727273,0.5500657894736843,40.85417763157894,12.459671052631576,2.043980263157895,98.34763157894736,1,68
2022,1180.0529666666666,26.801611842105263,18.92727272727273,0.5500657894736843,40.85417763157894,12.459671052631576,2.043980263157895,98.34763157894736,1,68
2023,1180.0529666666666,26.801611842105263,18.92727272727273,0.5500657894736843,40.85417763157894,12.459671052631576,2.043980263157895,98.34763157894736,1,68
2019,1180.0529666666666,26.801611842105263,18.92727272727273,0.5500657894736843,40.85417763157894,12.459671052631576,2.043980263157895,98.34763157894736,1,71
2020,1180.0529666666666,26.801611842105263,18.92727272727273,0.5500657894736843,40.85417763157894,12.459671052631576,2.043980263157895,98.34763157894736,1,71
2021,1180.0529666666666,26.801611842105263,18.92727272727273,0.5500657894736843,40.85417763157894,12.459671052631576,2.043980263157895,98.34763157894736,1,71
2022,1180.0529666666666,26.801611842105263,18.92727272727273,0.5500657894736843,40.85417763157894,12.459671052631576,2.043980263157895,98.34763157894736,1,71
2023,1180.0529666666666,26.801611842105263,18.92727272727273,0.5500657894736843,40.85417763157894,12.459671052631576,2.043980263157895,98.34763157894736,1,71
2019,1180.0529666666666,26.801611842105263,18.92727272727273,0.5500657894736843,40.85417763157894,12.459671052631576,2.043980263157895,98.34763157894736,1,73
2020,1180.0529666666666,26.801611842105263,18.92727272727273,0.5500657894736843,40.85417763157894,12.459671052631576,2.043980263157895,98.34763157894736,1,73
2021,1180.0529666666666,26.801611842105263,18.92727272727273,0.5500657894736843,40.85417763157894,12.459671052631576,2.043980263157895,98.34763157894736,1,73
2022,1180.0529666666666,26.801611842105263,18.92727272727273,0.5500657894736843,40.85417763157894,12.459671052631576,2.043980263157895,98.34763157894736,1,73
2023,1180.0529666666666,26.801611842105263,18.92727272727273,0.5500657894736843,40.85417763157894,12.459671052631576,2.043980263157895,98.34763157894736,1,73
2019,1180.0529666666666,26.801611842105263,18.92727272727273,0.5500657894736843,40.85417763157894,12.459671052631576,2.043980263157895,98.34763157894736,1,74
2020,1180.0529666666666,26.801611842105263,18.92727272727273,0.5500657894736843,40.85417763157894,12.459671052631576,2.043980263157895,98.34763157894736,1,74
2021,1180.0529666666666,26.801611842105263,18.92727272727273,0.5500657894736843,40.85417763157894,12.459671052631576,2.043980263157895,98.34763157894736,1,74
2022,1180.0529666666666,26.801611842105263,18.92727272727273,0.5500657894736843,40.85417763157894,12.459671052631576,2.043980263157895,98.34763157894736,1,74
2023,1180.0529666666666,26.801611842105263,18.92727272727273,0.5500657894736843,40.85417763157894,12.459671052631576,2.043980263157895,98.34763157894736,1,74
2019,1180.0529666666666,26.801611842105263,18.92727272727273,0.5500657894736843,40.85417763157894,12.459671052631576,2.043980263157895,98.34763157894736,1,75
2020,1180.0529666666666,26.801611842105263,18.92727272727273,0.5500657894736843,40.85417763157894,12.459671052631576,2.043980263157895,98.34763157894736,1,75
2021,1180.0529666666666,26.801611842105263,18.92727272727273,0.5500657894736843,40.85417763157894,12.459671052631576,2.043980263157895,98.34763157894736,1,75
2022,1180.0529666666666,26.801611842105263,18.92727272727273,0.5500657894736843,40.85417763157894,12.459671052631576,2.043980263157895,98.34763157894736,1,75
2023,1180.0529666666666,26.801611842105263,18.92727272727273,0.5500657894736843,40.85417763157894,12.459671052631576,2.043980263157895,98.34763157894736,1,75
2019,1180.0529666666666,26.801611842105263,18.92727272727273,0.5500657894736843,40.85417763157894,12.459671052631576,2.043980263157895,98.34763157894736,1,76
2020,1180.0529666666666,26.801611842105263,18.92727272727273,0.5500657894736843,40.85417763157894,12.459671052631576,2.043980263157895,98.34763157894736,1,76
2021,1180.0529666666666,26.801611842105263,18.92727272727273,0.5500657894736843,40.85417763157894,12.459671052631576,2.043980263157895,98.34763157894736,1,76
2022,1180.0529666666666,26.801611842105263,18.92727272727273,0.5500657894736843,40.85417763157894,12.459671052631576,2.043980263157895,98.34763157894736,1,76
2023,1180.0529666666666,26.801611842105263,18.92727272727273,0.5500657894736843,40.85417763157894,12.459671052631576,2.043980263157895,98.34763157894736,1,76
2019,1180.0529666666666,26.801611842105263,18.92727272727273,0.5500657894736843,40.85417763157894,12.459671052631576,2.043980263157895,98.34763157894736,1,80
2020,1180.0529666666666,26.801611842105263,18.92727272727273,0.5500657894736843,40.85417763157894,12.459671052631576,2.043980263157895,98.34763157894736,1,80
2021,1180.0529666666666,26.801611842105263,18.92727272727273,0.5500657894736843,40.85417763157894,12.459671052631576,2.043980263157895,98.34763157894736,1,80
2022,1180.0529666666666,26.801611842105263,18.92727272727273,0.5500657894736843,40.85417763157894,12.459671052631576,2.043980263157895,98.34763157894736,1,80
2023,1180.0529666666666,26.801611842105263,18.92727272727273,0.5500657894736843,40.85417763157894,12.459671052631576,2.043980263157895,98.34763157894736,1,80
2019,1180.0529666666666,26.801611842105263,18.92727272727273,0.5500657894736843,40.85417763157894,12.459671052631576,2.043980263157895,98.34763157894736,1,81
2020,1180.0529666666666,26.801611842105263,18.92727272727273,0.5500657894736843,40.85417763157894,12.459671052631576,2.043980263157895,98.34763157894736,1,81
2021,1180.0529666666666,26.801611842105263,18.92727272727273,0.5500657894736843,40.85417763157894,12.459671052631576,2.043980263157895,98.34763157894736,1,81
2022,1180.0529666666666,26.801611842105263,18.92727272727273,0.5500657894736843,40.85417763157894,12.459671052631576,2.043980263157895,98.34763157894736,1,81
2023,1180.0529666666666,26.801611842105263,18.92727272727273,0.5500657894736843,40.85417763157894,12.459671052631576,2.043980263157895,98.34763157894736,1,81
2019,1180.0529666666666,26.801611842105263,18.92727272727273,0.5500657894736843,40.85417763157894,12.459671052631576,2.043980263157895,98.34763157894736,1,82
2020,1180.0529666666666,26.801611842105263,18.92727272727273,0.5500657894736843,40.85417763157894,12.459671052631576,2.043980263157895,98.34763157894736,1,82
2021,1180.0529666666666,26.801611842105263,18.92727272727273,0.5500657894736843,40.85417763157894,12.459671052631576,2.043980263157895,98.34763157894736,1,82
2022,1180.0529666666666,26.801611842105263,18.92727272727273,0.5500657894736843,40.85417763157894,12.459671052631576,2.043980263157895,98.34763157894736,1,82
2023,1180.0529666666666,26.801611842105263,18.92727272727273,0.5500657894736843,40.85417763157894,12.459671052631576,2.043980263157895,98.34763157894736,1,82
2019,1180.0529666666666,26.801611842105263,18.92727272727273,0.5500657894736843,40.85417763157894,12.459671052631576,2.043980263157895,98.34763157894736,1,85
2020,1180.0529666666666,26.801611842105263,18.92727272727273,0.5500657894736843,40.85417763157894,12.459671052631576,2.043980263157895,98.34763157894736,1,85
2021,1180.0529666666666,26.801611842105263,18.92727272727273,0.5500657894736843,40.85417763157894,12.459671052631576,2.043980263157895,98.34763157894736,1,85
2022,1180.0529666666666,26.801611842105263,18.92727272727273,0.5500657894736843,40.85417763157894,12.459671052631576,2.043980263157895,98.34763157894736,1,85
2023,1180.0529666666666,26.801611842105263,18.92727272727273,0.5500657894736843,40.85417763157894,12.459671052631576,2.043980263157895,98.34763157894736,1,85
2019,1180.0529666666666,26.801611842105263,18.92727272727273,0.5500657894736843,40.85417763157894,12.459671052631576,2.043980263157895,98.34763157894736,1,87
2020,1180.0529666666666,26.801611842105263,18.92727272727273,0.5500657894736843,40.85417763157894,12.459671052631576,2.043980263157895,98.34763157894736,1,87
2021,1180.0529666666666,26.801611842105263,18.92727272727273,0.5500657894736843,40.85417763157894,12.459671052631576,2.043980263157895,98.34763157894736,1,87
2022,1180.0529666666666,26.801611842105263,18.92727272727273,0.5500657894736843,40.85417763157894,12.459671052631576,2.043980263157895,98.34763157894736,1,87
2023,1180.0529666666666,26.801611842105263,18.92727272727273,0.5500657894736843,40.85417763157894,12.459671052631576,2.043980263157895,98.34763157894736,1,87
2019,1180.0529666666666,26.801611842105263,18.92727272727273,0.5500657894736843,40.85417763157894,12.459671052631576,2.043980263157895,98.34763157894736,1,89
2020,1180.0529666666666,26.801611842105263,18.92727272727273,0.5500657894736843,40.85417763157894,12.459671052631576,2.043980263157895,98.34763157894736,1,89
2021,1180.0529666666666,26.801611842105263,18.92727272727273,0.5500657894736843,40.85417763157894,12.459671052631576,2.043980263157895,98.34763157894736,1,89
2022,1180.0529666666666,26.801611842105263,18.92727272727273,0.5500657894736843,40.85417763157894,12.459671052631576,2.043980263157895,98.34763157894736,1,89
2023,1180.0529666666666,26.801611842105263,18.92727272727273,0.5500657894736843,40.85417763157894,12.459671052631576,2.043980263157895,98.34763157894736,1,89
2019,1180.0529666666666,26.801611842105263,18.92727272727273,0.5500657894736843,40.85417763157894,12.459671052631576,2.043980263157895,98.34763157894736,1,92
2020,1180.0529666666666,26.801611842105263,18.92727272727273,0.5500657894736843,40.85417763157894,12.459671052631576,2.043980263157895,98.34763157894736,1,92
2021,1180.0529666666666,26.801611842105263,18.92727272727273,0.5500657894736843,40.85417763157894,12.459671052631576,2.043980263157895,98.34763157894736,1,92
2022,1180.0529666666666,26.801611842105263,18.92727272727273,0.5500657894736843,40.85417763157894,12.459671052631576,2.043980263157895,98.34763157894736,1,92
2023,1180.0529666666666,26.801611842105263,18.92727272727273,0.5500657894736843,40.85417763157894,12.459671052631576,2.043980263157895,98.34763157894736,1,92
2019,1180.0529666666666,26.801611842105263,18.92727272727273,0.5500657894736843,40.85417763157894,12.459671052631576,2.043980263157895,98.34763157894736,1,13
2020,1180.0529666666666,26.801611842105263,18.92727272727273,0.5500657894736843,40.85417763157894,12.459671052631576,2.043980263157895,98.34763157894736,1,13
2021,1180.0529666666666,26.801611842105263,18.92727272727273,0.5500657894736843,40.85417763157894,12.459671052631576,2.043980263157895,98.34763157894736,1,13
2022,1180.0529666666666,26.801611842105263,18.92727272727273,0.5500657894736843,40.85417763157894,12.459671052631576,2.043980263157895,98.34763157894736,1,13
2023,1180.0529666666666,26.801611842105263,18.92727272727273,0.5500657894736843,40.85417763157894,12.459671052631576,2.043980263157895,98.34763157894736,1,13
2019,1180.0529666666666,26.801611842105263,18.92727272727273,0.5500657894736843,40.85417763157894,12.459671052631576,2.043980263157895,98.34763157894736,1,17
2020,1180.0529666666666,26.801611842105263,18.92727272727273,0.5500657894736843,40.85417763157894,12.459671052631576,2.043980263157895,98.34763157894736,1,17
2021,1180.0529666666666,26.801611842105263,18.92727272727273,0.5500657894736843,40.85417763157894,12.459671052631576,2.043980263157895,98.34763157894736,1,17
2022,1180.0529666666666,26.801611842105263,18.92727272727273,0.5500657894736843,40.85417763157894,12.459671052631576,2.043980263157895,98.34763157894736,1,17
2023,1180.0529666666666,26.801611842105263,18.92727272727273,0.5500657894736843,40.85417763157894,12.459671052631576,2.043980263157895,98.34763157894736,1,17
2019,1180.0529666666666,26.801611842105263,18.92727272727273,0.5500657894736843,40.85417763157894,12.459671052631576,2.043980263157895,98.34763157894736,1,26
2020,1180.0529666666666,26.801611842105263,18.92727272727273,0.5500657894736843,40.85417763157894,12.459671052631576,2.043980263157895,98.34763157894736,1,26
2021,1180.0529666666666,26.801611842105263,18.92727272727273,0.5500657894736843,40.85417763157894,12.459671052631576,2.043980263157895,98.34763157894736,1,26
2022,1180.0529666666666,26.801611842105263,18.92727272727273,0.5500657894736843,40.85417763157894,12.459671052631576,2.043980263157895,98.34763157894736,1,26
2023,1180.0529666666666,26.801611842105263,18.92727272727273,0.5500657894736843,40.85417763157894,12.459671052631576,2.043980263157895,98.34763157894736,1,26
2019,1180.0529666666666,26.801611842105263,18.92727272727273,0.5500657894736843,40.85417763157894,12.459671052631576,2.043980263157895,98.34763157894736,1,28
2020,1180.0529666666666,26.801611842105263,18.92727272727273,0.5500657894736843,40.85417763157894,12.459671052631576,2.043980263157895,98.34763157894736,1,28
2021,1180.0529666666666,26.801611842105263,18.92727272727273,0.5500657894736843,40.85417763157894,12.459671052631576,2.043980263157895,98.34763157894736,1,28
2022,1180.0529666666666,26.801611842105263,18.92727272727273,0.5500657894736843,40.85417763157894,12.459671052631576,2.043980263157895,98.34763157894736,1,28
2023,1180.0529666666666,26.801611842105263,18.92727272727273,0.5500657894736843,40.85417763157894,12.459671052631576,2.043980263157895,98.34763157894736,1,28
2019,1180.0529666666666,26.801611842105263,18.92727272727273,0.5500657894736843,40.85417763157894,12.459671052631576,2.043980263157895,98.34763157894736,1,46
2020,1180.0529666666666,26.801611842105263,18.92727272727273,0.5500657894736843,40.85417763157894,12.459671052631576,2.043980263157895,98.34763157894736,1,46
2021,1180.0529666666666,26.801611842105263,18.92727272727273,0.5500657894736843,40.85417763157894,12.459671052631576,2.043980263157895,98.34763157894736,1,46
2022,1180.0529666666666,26.801611842105263,18.92727272727273,0.5500657894736843,40.85417763157894,12.459671052631576,2.043980263157895,98.34763157894736,1,46
2023,1180.0529666666666,26.801611842105263,18.92727272727273,0.5500657894736843,40.85417763157894,12.459671052631576,2.043980263157895,98.34763157894736,1,46
2019,1180.0529666666666,26.801611842105263,18.92727272727273,0.5500657894736843,40.85417763157894,12.459671052631576,2.043980263157895,98.34763157894736,1,47
2020,1180.0529666666666,26.801611842105263,18.92727272727273,0.5500657894736843,40.85417763157894,12.459671052631576,2.043980263157895,98.34763157894736,1,47
2021,1180.0529666666666,26.801611842105263,18.92727272727273,0.5500657894736843,40.85417763157894,12.459671052631576,2.043980263157895,98.34763157894736,1,47
2022,1180.0529666666666,26.801611842105263,18.92727272727273,0.5500657894736843,40.85417763157894,12.459671052631576,2.043980263157895,98.34763157894736,1,47
2023,1180.0529666666666,26.801611842105263,18.92727272727273,0.5500657894736843,40.85417763157894,12.459671052631576,2.043980263157895,98.34763157894736,1,47
2019,1180.0529666666666,26.801611842105263,18.92727272727273,0.5500657894736843,40.85417763157894,12.459671052631576,2.043980263157895,98.34763157894736,1,69
2020,1180.0529666666666,26.801611842105263,18.92727272727273,0.5500657894736843,40.85417763157894,12.459671052631576,2.043980263157895,98.34763157894736,1,69
2021,1180.0529666666666,26.801611842105263,18.92727272727273,0.5500657894736843,40.85417763157894,12.459671052631576,2.043980263157895,98.34763157894736,1,69
2022,1180.0529666666666,26.801611842105263,18.92727272727273,0.5500657894736843,40.85417763157894,12.459671052631576,2.043980263157895,98.34763157894736,1,69
2023,1180.0529666666666,26.801611842105263,18.92727272727273,0.5500657894736843,40.85417763157894,12.459671052631576,2.043980263157895,98.34763157894736,1,69
2019,1180.0529666666666,26.801611842105263,18.92727272727273,0.5500657894736843,40.85417763157894,12.459671052631576,2.043980263157895,98.34763157894736,1,72
2020,1180.0529666666666,26.801611842105263,18.92727272727273,0.5500657894736843,40.85417763157894,12.459671052631576,2.043980263157895,98.34763157894736,1,72
2021,1180.0529666666666,26.801611842105263,18.92727272727273,0.5500657894736843,40.85417763157894,12.459671052631576,2.043980263157895,98.34763157894736,1,72
2022,1180.0529666666666,26.801611842105263,18.92727272727273,0.5500657894736843,40.85417763157894,12.459671052631576,2.043980263157895,98.34763157894736,1,72
2023,1180.0529666666666,26.801611842105263,18.92727272727273,0.5500657894736843,40.85417763157894,12.459671052631576,2.043980263157895,98.34763157894736,1,72
2019,1180.0529666666666,26.801611842105263,18.92727272727273,0.5500657894736843,40.85417763157894,12.459671052631576,2.043980263157895,98.34763157894736,1,78
2020,1180.0529666666666,26.801611842105263,18.92727272727273,0.5500657894736843,40.85417763157894,12.459671052631576,2.043980263157895,98.34763157894736,1,78
2021,1180.0529666666666,26.801611842105263,18.92727272727273,0.5500657894736843,40.85417763157894,12.459671052631576,2.043980263157895,98.34763157894736,1,78
2022,1180.0529666666666,26.801611842105263,18.92727272727273,0.5500657894736843,40.85417763157894,12.459671052631576,2.043980263157895,98.34763157894736,1,78
2023,1180.0529666666666,26.801611842105263,18.92727272727273,0.5500657894736843,40.85417763157894,12.459671052631576,2.043980263157895,98.34763157894736,1,78
2019,1180.0529666666666,26.801611842105263,18.92727272727273,0.5500657894736843,40.85417763157894,12.459671052631576,2.043980263157895,98.34763157894736,1,86
2020,1180.0529666666666,26.801611842105263,18.92727272727273,0.5500657894736843,40.85417763157894,12.459671052631576,2.043980263157895,98.34763157894736,1,86
2021,1180.0529666666666,26.801611842105263,18.92727272727273,0.5500657894736843,40.85417763157894,12.459671052631576,2.043980263157895,98.34763157894736,1,86
2022,1180.0529666666666,26.801611842105263,18.92727272727273,0.5500657894736843,40.85417763157894,12.459671052631576,2.043980263157895,98.34763157894736,1,86
2023,1180.0529666666666,26.801611842105263,18.92727272727273,0.5500657894736843,40.85417763157894,12.459671052631576,2.043980263157895,98.34763157894736,1,86
2019,1180.0529666666666,26.801611842105263,18.92727272727273,0.5500657894736843,40.85417763157894,12.459671052631576,2.043980263157895,98.34763157894736,1,88
2020,1180.0529666666666,26.801611842105263,18.92727272727273,0.5500657894736843,40.85417763157894,12.459671052631576,2.043980263157895,98.34763157894736,1,88
2021,1180.0529666666666,26.801611842105263,18.92727272727273,0.5500657894736843,40.85417763157894,12.459671052631576,2.043980263157895,98.34763157894736,1,88
2022,1180.0529666666666,26.801611842105263,18.92727272727273,0.5500657894736843,40.85417763157894,12.459671052631576,2.043980263157895,98.34763157894736,1,88
2023,1180.0529666666666,26.801611842105263,18.92727272727273,0.5500657894736843,40.85417763157894,12.459671052631576,2.043980263157895,98.34763157894736,1,88
2019,1180.0529666666666,26.801611842105263,18.92727272727273,0.5500657894736843,40.85417763157894,12.459671052631576,2.043980263157895,98.34763157894736,2,0
2020,1180.0529666666666,26.801611842105263,18.92727272727273,0.5500657894736843,40.85417763157894,12.459671052631576,2.043980263157895,98.34763157894736,2,0
2021,1180.0529666666666,26.801611842105263,18.92727272727273,0.5500657894736843,40.85417763157894,12.459671052631576,2.043980263157895,98.34763157894736,2,0
2022,1180.0529666666666,26.801611842105263,18.92727272727273,0.5500657894736843,40.85417763157894,12.459671052631576,2.043980263157895,98.34763157894736,2,0
2023,1180.0529666666666,26.801611842105263,18.92727272727273,0.5500657894736843,40.85417763157894,12.459671052631576,2.043980263157895,98.34763157894736,2,0
2019,1180.0529666666666,26.801611842105263,18.92727272727273,0.5500657894736843,40.85417763157894,12.459671052631576,2.043980263157895,98.34763157894736,2,1
2020,1180.0529666666666,26.801611842105263,18.92727272727273,0.5500657894736843,40.85417763157894,12.459671052631576,2.043980263157895,98.34763157894736,2,1
2021,1180.0529666666666,26.801611842105263,18.92727272727273,0.5500657894736843,40.85417763157894,12.459671052631576,2.043980263157895,98.34763157894736,2,1
2022,1180.0529666666666,26.801611842105263,18.92727272727273,0.5500657894736843,40.85417763157894,12.459671052631576,2.043980263157895,98.34763157894736,2,1
2023,1180.0529666666666,26.801611842105263,18.92727272727273,0.5500657894736843,40.85417763157894,12.459671052631576,2.043980263157895,98.34763157894736,2,1
2019,1180.0529666666666,26.801611842105263,18.92727272727273,0.5500657894736843,40.85417763157894,12.459671052631576,2.043980263157895,98.34763157894736,2,3
2020,1180.0529666666666,26.801611842105263,18.92727272727273,0.5500657894736843,40.85417763157894,12.459671052631576,2.043980263157895,98.34763157894736,2,3
2021,1180.0529666666666,26.801611842105263,18.92727272727273,0.5500657894736843,40.85417763157894,12.459671052631576,2.043980263157895,98.34763157894736,2,3
2022,1180.0529666666666,26.801611842105263,18.92727272727273,0.5500657894736843,40.85417763157894,12.459671052631576,2.043980263157895,98.34763157894736,2,3
2023,1180.0529666666666,26.801611842105263,18.92727272727273,0.5500657894736843,40.85417763157894,12.459671052631576,2.043980263157895,98.34763157894736,2,3
2019,1180.0529666666666,26.801611842105263,18.92727272727273,0.5500657894736843,40.85417763157894,12.459671052631576,2.043980263157895,98.34763157894736,2,4
2020,1180.0529666666666,26.801611842105263,18.92727272727273,0.5500657894736843,40.85417763157894,12.459671052631576,2.043980263157895,98.34763157894736,2,4
2021,1180.0529666666666,26.801611842105263,18.92727272727273,0.5500657894736843,40.85417763157894,12.459671052631576,2.043980263157895,98.34763157894736,2,4
2022,1180.0529666666666,26.801611842105263,18.92727272727273,0.5500657894736843,40.85417763157894,12.459671052631576,2.043980263157895,98.34763157894736,2,4
2023,1180.0529666666666,26.801611842105263,18.92727272727273,0.5500657894736843,40.85417763157894,12.459671052631576,2.043980263157895,98.34763157894736,2,4
2019,1180.0529666666666,26.801611842105263,18.92727272727273,0.5500657894736843,40.85417763157894,12.459671052631576,2.043980263157895,98.34763157894736,2,8
2020,1180.0529666666666,26.801611842105263,18.92727272727273,0.5500657894736843,40.85417763157894,12.459671052631576,2.043980263157895,98.34763157894736,2,8
2021,1180.0529666666666,26.801611842105263,18.92727272727273,0.5500657894736843,40.85417763157894,12.459671052631576,2.043980263157895,98.34763157894736,2,8
2022,1180.0529666666666,26.801611842105263,18.92727272727273,0.5500657894736843,40.85417763157894,12.459671052631576,2.043980263157895,98.34763157894736,2,8
2023,1180.0529666666666,26.801611842105263,18.92727272727273,0.5500657894736843,40.85417763157894,12.459671052631576,2.043980263157895,98.34763157894736,2,8
2019,1180.0529666666666,26.801611842105263,18.92727272727273,0.5500657894736843,40.85417763157894,12.459671052631576,2.043980263157895,98.34763157894736,2,10
2020,1180.0529666666666,26.801611842105263,18.92727272727273,0.5500657894736843,40.85417763157894,12.459671052631576,2.043980263157895,98.34763157894736,2,10
2021,1180.0529666666666,26.801611842105263,18.92727272727273,0.5500657894736843,40.85417763157894,12.459671052631576,2.043980263157895,98.34763157894736,2,10
2022,1180.0529666666666,26.801611842105263,18.92727272727273,0.5500657894736843,40.85417763157894,12.459671052631576,2.043980263157895,98.34763157894736,2,10
2023,1180.0529666666666,26.801611842105263,18.92727272727273,0.5500657894736843,40.85417763157894,12.459671052631576,2.043980263157895,98.34763157894736,2,10
2019,1180.0529666666666,26.801611842105263,18.92727272727273,0.5500657894736843,40.85417763157894,12.459671052631576,2.043980263157895,98.34763157894736,2,15
2020,1180.0529666666666,26.801611842105263,18.92727272727273,0.5500657894736843,40.85417763157894,12.459671052631576,2.043980263157895,98.34763157894736,2,15
2021,1180.0529666666666,26.801611842105263,18.92727272727273,0.5500657894736843,40.85417763157894,12.459671052631576,2.043980263157895,98.34763157894736,2,15
2022,1180.0529666666666,26.801611842105263,18.92727272727273,0.5500657894736843,40.85417763157894,12.459671052631576,2.043980263157895,98.34763157894736,2,15
2023,1180.0529666666666,26.801611842105263,18.92727272727273,0.5500657894736843,40.85417763157894,12.459671052631576,2.043980263157895,98.34763157894736,2,15
2019,1180.0529666666666,26.801611842105263,18.92727272727273,0.5500657894736843,40.85417763157894,12.459671052631576,2.043980263157895,98.34763157894736,2,16
2020,1180.0529666666666,26.801611842105263,18.92727272727273,0.5500657894736843,40.85417763157894,12.459671052631576,2.043980263157895,98.34763157894736,2,16
2021,1180.0529666666666,26.801611842105263,18.92727272727273,0.5500657894736843,40.85417763157894,12.459671052631576,2.043980263157895,98.34763157894736,2,16
2022,1180.0529666666666,26.801611842105263,18.92727272727273,0.5500657894736843,40.85417763157894,12.459671052631576,2.043980263157895,98.34763157894736,2,16
2023,1180.0529666666666,26.801611842105263,18.92727272727273,0.5500657894736843,40.85417763157894,12.459671052631576,2.043980263157895,98.34763157894736,2,16
2019,1180.0529666666666,26.801611842105263,18.92727272727273,0.5500657894736843,40.85417763157894,12.459671052631576,2.043980263157895,98.34763157894736,2,18
2020,1180.0529666666666,26.801611842105263,18.92727272727273,0.5500657894736843,40.85417763157894,12.459671052631576,2.043980263157895,98.34763157894736,2,18
2021,1180.0529666666666,26.801611842105263,18.92727272727273,0.5500657894736843,40.85417763157894,12.459671052631576,2.043980263157895,98.34763157894736,2,18
2022,1180.0529666666666,26.801611842105263,18.92727272727273,0.5500657894736843,40.85417763157894,12.459671052631576,2.043980263157895,98.34763157894736,2,18
2023,1180.0529666666666,26.801611842105263,18.92727272727273,0.5500657894736843,40.85417763157894,12.459671052631576,2.043980263157895,98.34763157894736,2,18
2019,1180.0529666666666,26.801611842105263,18.92727272727273,0.5500657894736843,40.85417763157894,12.459671052631576,2.043980263157895,98.34763157894736,2,19
2020,1180.0529666666666,26.801611842105263,18.92727272727273,0.5500657894736843,40.85417763157894,12.459671052631576,2.043980263157895,98.34763157894736,2,19
2021,1180.0529666666666,26.801611842105263,18.92727272727273,0.5500657894736843,40.85417763157894,12.459671052631576,2.043980263157895,98.34763157894736,2,19
2022,1180.0529666666666,26.801611842105263,18.92727272727273,0.5500657894736843,40.85417763157894,12.459671052631576,2.043980263157895,98.34763157894736,2,19
2023,1180.0529666666666,26.801611842105263,18.92727272727273,0.5500657894736843,40.85417763157894,12.459671052631576,2.043980263157895,98.34763157894736,2,19
2019,1180.0529666666666,26.801611842105263,18.92727272727273,0.5500657894736843,40.85417763157894,12.459671052631576,2.043980263157895,98.34763157894736,2,20
2020,1180.0529666666666,26.801611842105263,18.92727272727273,0.5500657894736843,40.85417763157894,12.459671052631576,2.043980263157895,98.34763157894736,2,20
2021,1180.0529666666666,26.801611842105263,18.92727272727273,0.5500657894736843,40.85417763157894,12.459671052631576,2.043980263157895,98.34763157894736,2,20
2022,1180.0529666666666,26.801611842105263,18.92727272727273,0.5500657894736843,40.85417763157894,12.459671052631576,2.043980263157895,98.34763157894736,2,20
2023,1180.0529666666666,26.801611842105263,18.92727272727273,0.5500657894736843,40.85417763157894,12.459671052631576,2.043980263157895,98.34763157894736,2,20
2019,1180.0529666666666,26.801611842105263,18.92727272727273,0.5500657894736843,40.85417763157894,12.459671052631576,2.043980263157895,98.34763157894736,2,22
2020,1180.0529666666666,26.801611842105263,18.92727272727273,0.5500657894736843,40.85417763157894,12.459671052631576,2.043980263157895,98.34763157894736,2,22
2021,1180.0529666666666,26.801611842105263,18.92727272727273,0.5500657894736843,40.85417763157894,12.459671052631576,2.043980263157895,98.34763157894736,2,22
2022,1180.0529666666666,26.801611842105263,18.92727272727273,0.5500657894736843,40.85417763157894,12.459671052631576,2.043980263157895,98.34763157894736,2,22
2023,1180.0529666666666,26.801611842105263,18.92727272727273,0.5500657894736843,40.85417763157894,12.459671052631576,2.043980263157895,98.34763157894736,2,22
2019,1180.0529666666666,26.801611842105263,18.92727272727273,0.5500657894736843,40.85417763157894,12.459671052631576,2.043980263157895,98.34763157894736,2,24
2020,1180.0529666666666,26.801611842105263,18.92727272727273,0.5500657894736843,40.85417763157894,12.459671052631576,2.043980263157895,98.34763157894736,2,24
2021,1180.0529666666666,26.801611842105263,18.92727272727273,0.5500657894736843,40.85417763157894,12.459671052631576,2.043980263157895,98.34763157894736,2,24
2022,1180.0529666666666,26.801611842105263,18.92727272727273,0.5500657894736843,40.85417763157894,12.459671052631576,2.043980263157895,98.34763157894736,2,24
2023,1180.0529666666666,26.801611842105263,18.92727272727273,0.5500657894736843,40.85417763157894,12.459671052631576,2.043980263157895,98.34763157894736,2,24
2019,1180.0529666666666,26.801611842105263,18.92727272727273,0.5500657894736843,40.85417763157894,12.459671052631576,2.043980263157895,98.34763157894736,2,25
2020,1180.0529666666666,26.801611842105263,18.92727272727273,0.5500657894736843,40.85417763157894,12.459671052631576,2.043980263157895,98.34763157894736,2,25
2021,1180.0529666666666,26.801611842105263,18.92727272727273,0.5500657894736843,40.85417763157894,12.459671052631576,2.043980263157895,98.34763157894736,2,25
2022,1180.0529666666666,26.801611842105263,18.92727272727273,0.5500657894736843,40.85417763157894,12.459671052631576,2.043980263157895,98.34763157894736,2,25
2023,1180.0529666666666,26.801611842105263,18.92727272727273,0.5500657894736843,40.85417763157894,12.459671052631576,2.043980263157895,98.34763157894736,2,25
2019,1180.0529666666666,26.801611842105263,18.92727272727273,0.5500657894736843,40.85417763157894,12.459671052631576,2.043980263157895,98.34763157894736,2,27
2020,1180.0529666666666,26.801611842105263,18.92727272727273,0.5500657894736843,40.85417763157894,12.459671052631576,2.043980263157895,98.34763157894736,2,27
2021,1180.0529666666666,26.801611842105263,18.92727272727273,0.5500657894736843,40.85417763157894,12.459671052631576,2.043980263157895,98.34763157894736,2,27
2022,1180.0529666666666,26.801611842105263,18.92727272727273,0.5500657894736843,40.85417763157894,12.459671052631576,2.043980263157895,98.34763157894736,2,27
2023,1180.0529666666666,26.801611842105263,18.92727272727273,0.5500657894736843,40.85417763157894,12.459671052631576,2.043980263157895,98.34763157894736,2,27
2019,1180.0529666666666,26.801611842105263,18.92727272727273,0.5500657894736843,40.85417763157894,12.459671052631576,2.043980263157895,98.34763157894736,2,29
2020,1180.0529666666666,26.801611842105263,18.92727272727273,0.5500657894736843,40.85417763157894,12.459671052631576,2.043980263157895,98.34763157894736,2,29
2021,1180.0529666666666,26.801611842105263,18.92727272727273,0.5500657894736843,40.85417763157894,12.459671052631576,2.043980263157895,98.34763157894736,2,29
2022,1180.0529666666666,26.801611842105263,18.92727272727273,0.5500657894736843,40.85417763157894,12.459671052631576,2.043980263157895,98.34763157894736,2,29
2023,1180.0529666666666,26.801611842105263,18.92727272727273,0.5500657894736843,40.85417763157894,12.459671052631576,2.043980263157895,98.34763157894736,2,29
2019,1180.0529666666666,26.801611842105263,18.92727272727273,0.5500657894736843,40.85417763157894,12.459671052631576,2.043980263157895,98.34763157894736,2,30
2020,1180.0529666666666,26.801611842105263,18.92727272727273,0.5500657894736843,40.85417763157894,12.459671052631576,2.043980263157895,98.34763157894736,2,30
2021,1180.0529666666666,26.801611842105263,18.92727272727273,0.5500657894736843,40.85417763157894,12.459671052631576,2.043980263157895,98.34763157894736,2,30
2022,1180.0529666666666,26.801611842105263,18.92727272727273,0.5500657894736843,40.85417763157894,12.459671052631576,2.043980263157895,98.34763157894736,2,30
2023,1180.0529666666666,26.801611842105263,18.92727272727273,0.5500657894736843,40.85417763157894,12.459671052631576,2.043980263157895,98.34763157894736,2,30
2019,1180.0529666666666,26.801611842105263,18.92727272727273,0.5500657894736843,40.85417763157894,12.459671052631576,2.043980263157895,98.34763157894736,2,32
2020,1180.0529666666666,26.801611842105263,18.92727272727273,0.5500657894736843,40.85417763157894,12.459671052631576,2.043980263157895,98.34763157894736,2,32
2021,1180.0529666666666,26.801611842105263,18.92727272727273,0.5500657894736843,40.85417763157894,12.459671052631576,2.043980263157895,98.34763157894736,2,32
2022,1180.0529666666666,26.801611842105263,18.92727272727273,0.5500657894736843,40.85417763157894,12.459671052631576,2.043980263157895,98.34763157894736,2,32
2023,1180.0529666666666,26.801611842105263,18.92727272727273,0.5500657894736843,40.85417763157894,12.459671052631576,2.043980263157895,98.34763157894736,2,32
2019,1180.0529666666666,26.801611842105263,18.92727272727273,0.5500657894736843,40.85417763157894,12.459671052631576,2.043980263157895,98.34763157894736,2,33
2020,1180.0529666666666,26.801611842105263,18.92727272727273,0.5500657894736843,40.85417763157894,12.459671052631576,2.043980263157895,98.34763157894736,2,33
2021,1180.0529666666666,26.801611842105263,18.92727272727273,0.5500657894736843,40.85417763157894,12.459671052631576,2.043980263157895,98.34763157894736,2,33
2022,1180.0529666666666,26.801611842105263,18.92727272727273,0.5500657894736843,40.85417763157894,12.459671052631576,2.043980263157895,98.34763157894736,2,33
2023,1180.0529666666666,26.801611842105263,18.92727272727273,0.5500657894736843,40.85417763157894,12.459671052631576,2.043980263157895,98.34763157894736,2,33
2019,1180.0529666666666,26.801611842105263,18.92727272727273,0.5500657894736843,40.85417763157894,12.459671052631576,2.043980263157895,98.34763157894736,2,35
2020,1180.0529666666666,26.801611842105263,18.92727272727273,0.5500657894736843,40.85417763157894,12.459671052631576,2.043980263157895,98.34763157894736,2,35
2021,1180.0529666666666,26.801611842105263,18.92727272727273,0.5500657894736843,40.85417763157894,12.459671052631576,2.043980263157895,98.34763157894736,2,35
2022,1180.0529666666666,26.801611842105263,18.92727272727273,0.5500657894736843,40.85417763157894,12.459671052631576,2.043980263157895,98.34763157894736,2,35
2023,1180.0529666666666,26.801611842105263,18.92727272727273,0.5500657894736843,40.85417763157894,12.459671052631576,2.043980263157895,98.34763157894736,2,35
2019,1180.0529666666666,26.801611842105263,18.92727272727273,0.5500657894736843,40.85417763157894,12.459671052631576,2.043980263157895,98.34763157894736,2,38
2020,1180.0529666666666,26.801611842105263,18.92727272727273,0.5500657894736843,40.85417763157894,12.459671052631576,2.043980263157895,98.34763157894736,2,38
2021,1180.0529666666666,26.801611842105263,18.92727272727273,0.5500657894736843,40.85417763157894,12.459671052631576,2.043980263157895,98.34763157894736,2,38
2022,1180.0529666666666,26.801611842105263,18.92727272727273,0.5500657894736843,40.85417763157894,12.459671052631576,2.043980263157895,98.34763157894736,2,38
2023,1180.0529666666666,26.801611842105263,18.92727272727273,0.5500657894736843,40.85417763157894,12.459671052631576,2.043980263157895,98.34763157894736,2,38
2019,1180.0529666666666,26.801611842105263,18.92727272727273,0.5500657894736843,40.85417763157894,12.459671052631576,2.043980263157895,98.34763157894736,2,39
2020,1180.0529666666666,26.801611842105263,18.92727272727273,0.5500657894736843,40.85417763157894,12.459671052631576,2.043980263157895,98.34763157894736,2,39
2021,1180.0529666666666,26.801611842105263,18.92727272727273,0.5500657894736843,40.85417763157894,12.459671052631576,2.043980263157895,98.34763157894736,2,39
2022,1180.0529666666666,26.801611842105263,18.92727272727273,0.5500657894736843,40.85417763157894,12.459671052631576,2.043980263157895,98.34763157894736,2,39
2023,1180.0529666666666,26.801611842105263,18.92727272727273,0.5500657894736843,40.85417763157894,12.459671052631576,2.043980263157895,98.34763157894736,2,39
2019,1180.0529666666666,26.801611842105263,18.92727272727273,0.5500657894736843,40.85417763157894,12.459671052631576,2.043980263157895,98.34763157894736,2,41
2020,1180.0529666666666,26.801611842105263,18.92727272727273,0.5500657894736843,40.85417763157894,12.459671052631576,2.043980263157895,98.34763157894736,2,41
2021,1180.0529666666666,26.801611842105263,18.92727272727273,0.5500657894736843,40.85417763157894,12.459671052631576,2.043980263157895,98.34763157894736,2,41
2022,1180.0529666666666,26.801611842105263,18.92727272727273,0.5500657894736843,40.85417763157894,12.459671052631576,2.043980263157895,98.34763157894736,2,41
2023,1180.0529666666666,26.801611842105263,18.92727272727273,0.5500657894736843,40.85417763157894,12.459671052631576,2.043980263157895,98.34763157894736,2,41
2019,1180.0529666666666,26.801611842105263,18.92727272727273,0.5500657894736843,40.85417763157894,12.459671052631576,2.043980263157895,98.34763157894736,2,42
2020,1180.0529666666666,26.801611842105263,18.92727272727273,0.5500657894736843,40.85417763157894,12.459671052631576,2.043980263157895,98.34763157894736,2,42
2021,1180.0529666666666,26.801611842105263,18.92727272727273,0.5500657894736843,40.85417763157894,12.459671052631576,2.043980263157895,98.34763157894736,2,42
2022,1180.0529666666666,26.801611842105263,18.92727272727273,0.5500657894736843,40.85417763157894,12.459671052631576,2.043980263157895,98.34763157894736,2,42
2023,1180.0529666666666,26.801611842105263,18.92727272727273,0.5500657894736843,40.85417763157894,12.459671052631576,2.043980263157895,98.34763157894736,2,42
2019,1180.0529666666666,26.801611842105263,18.92727272727273,0.5500657894736843,40.85417763157894,12.459671052631576,2.043980263157895,98.34763157894736,2,45
2020,1180.0529666666666,26.801611842105263,18.92727272727273,0.5500657894736843,40.85417763157894,12.459671052631576,2.043980263157895,98.34763157894736,2,45
2021,1180.0529666666666,26.801611842105263,18.92727272727273,0.5500657894736843,40.85417763157894,12.459671052631576,2.043980263157895,98.34763157894736,2,45
2022,1180.0529666666666,26.801611842105263,18.92727272727273,0.5500657894736843,40.85417763157894,12.459671052631576,2.043980263157895,98.34763157894736,2,45
2023,1180.0529666666666,26.801611842105263,18.92727272727273,0.5500657894736843,40.85417763157894,12.459671052631576,2.043980263157895,98.34763157894736,2,45
2019,1180.0529666666666,26.801611842105263,18.92727272727273,0.5500657894736843,40.85417763157894,12.459671052631576,2.043980263157895,98.34763157894736,2,48
2020,1180.0529666666666,26.801611842105263,18.92727272727273,0.5500657894736843,40.85417763157894,12.459671052631576,2.043980263157895,98.34763157894736,2,48
2021,1180.0529666666666,26.801611842105263,18.92727272727273,0.5500657894736843,40.85417763157894,12.459671052631576,2.043980263157895,98.34763157894736,2,48
2022,1180.0529666666666,26.801611842105263,18.92727272727273,0.5500657894736843,40.85417763157894,12.459671052631576,2.043980263157895,98.34763157894736,2,48
2023,1180.0529666666666,26.801611842105263,18.92727272727273,0.5500657894736843,40.85417763157894,12.459671052631576,2.043980263157895,98.34763157894736,2,48
2019,1180.0529666666666,26.801611842105263,18.92727272727273,0.5500657894736843,40.85417763157894,12.459671052631576,2.043980263157895,98.34763157894736,2,50
2020,1180.0529666666666,26.801611842105263,18.92727272727273,0.5500657894736843,40.85417763157894,12.459671052631576,2.043980263157895,98.34763157894736,2,50
2021,1180.0529666666666,26.801611842105263,18.92727272727273,0.5500657894736843,40.85417763157894,12.459671052631576,2.043980263157895,98.34763157894736,2,50
2022,1180.0529666666666,26.801611842105263,18.92727272727273,0.5500657894736843,40.85417763157894,12.459671052631576,2.043980263157895,98.34763157894736,2,50
2023,1180.0529666666666,26.801611842105263,18.92727272727273,0.5500657894736843,40.85417763157894,12.459671052631576,2.043980263157895,98.34763157894736,2,50
2019,1180.0529666666666,26.801611842105263,18.92727272727273,0.5500657894736843,40.85417763157894,12.459671052631576,2.043980263157895,98.34763157894736,2,51
2020,1180.0529666666666,26.801611842105263,18.92727272727273,0.5500657894736843,40.85417763157894,12.459671052631576,2.043980263157895,98.34763157894736,2,51
2021,1180.0529666666666,26.801611842105263,18.92727272727273,0.5500657894736843,40.85417763157894,12.459671052631576,2.043980263157895,98.34763157894736,2,51
2022,1180.0529666666666,26.801611842105263,18.92727272727273,0.5500657894736843,40.85417763157894,12.459671052631576,2.043980263157895,98.34763157894736,2,51
2023,1180.0529666666666,26.801611842105263,18.92727272727273,0.5500657894736843,40.85417763157894,12.459671052631576,2.043980263157895,98.34763157894736,2,51
2019,1180.0529666666666,26.801611842105263,18.92727272727273,0.5500657894736843,40.85417763157894,12.459671052631576,2.043980263157895,98.34763157894736,2,52
2020,1180.0529666666666,26.801611842105263,18.92727272727273,0.5500657894736843,40.85417763157894,12.459671052631576,2.043980263157895,98.34763157894736,2,52
2021,1180.0529666666666,26.801611842105263,18.92727272727273,0.5500657894736843,40.85417763157894,12.459671052631576,2.043980263157895,98.34763157894736,2,52
2022,1180.0529666666666,26.801611842105263,18.92727272727273,0.5500657894736843,40.85417763157894,12.459671052631576,2.043980263157895,98.34763157894736,2,52
2023,1180.0529666666666,26.801611842105263,18.92727272727273,0.5500657894736843,40.85417763157894,12.459671052631576,2.043980263157895,98.34763157894736,2,52
2019,1180.0529666666666,26.801611842105263,18.92727272727273,0.5500657894736843,40.85417763157894,12.459671052631576,2.043980263157895,98.34763157894736,2,53
2020,1180.0529666666666,26.801611842105263,18.92727272727273,0.5500657894736843,40.85417763157894,12.459671052631576,2.043980263157895,98.34763157894736,2,53
2021,1180.0529666666666,26.801611842105263,18.92727272727273,0.5500657894736843,40.85417763157894,12.459671052631576,2.043980263157895,98.34763157894736,2,53
2022,1180.0529666666666,26.801611842105263,18.92727272727273,0.5500657894736843,40.85417763157894,12.459671052631576,2.043980263157895,98.34763157894736,2,53
2023,1180.0529666666666,26.801611842105263,18.92727272727273,0.5500657894736843,40.85417763157894,12.459671052631576,2.043980263157895,98.34763157894736,2,53
2019,1180.0529666666666,26.801611842105263,18.92727272727273,0.5500657894736843,40.85417763157894,12.459671052631576,2.043980263157895,98.34763157894736,2,54
2020,1180.0529666666666,26.801611842105263,18.92727272727273,0.5500657894736843,40.85417763157894,12.459671052631576,2.043980263157895,98.34763157894736,2,54
2021,1180.0529666666666,26.801611842105263,18.92727272727273,0.5500657894736843,40.85417763157894,12.459671052631576,2.043980263157895,98.34763157894736,2,54
2022,1180.0529666666666,26.801611842105263,18.92727272727273,0.5500657894736843,40.85417763157894,12.459671052631576,2.043980263157895,98.34763157894736,2,54
2023,1180.0529666666666,26.801611842105263,18.92727272727273,0.5500657894736843,40.85417763157894,12.459671052631576,2.043980263157895,98.34763157894736,2,54
2019,1180.0529666666666,26.801611842105263,18.92727272727273,0.5500657894736843,40.85417763157894,12.459671052631576,2.043980263157895,98.34763157894736,2,55
2020,1180.0529666666666,26.801611842105263,18.92727272727273,0.5500657894736843,40.85417763157894,12.459671052631576,2.043980263157895,98.34763157894736,2,55
2021,1180.0529666666666,26.801611842105263,18.92727272727273,0.5500657894736843,40.85417763157894,12.459671052631576,2.043980263157895,98.34763157894736,2,55
2022,1180.0529666666666,26.801611842105263,18.92727272727273,0.5500657894736843,40.85417763157894,12.459671052631576,2.043980263157895,98.34763157894736,2,55
2023,1180.0529666666666,26.801611842105263,18.92727272727273,0.5500657894736843,40.85417763157894,12.459671052631576,2.043980263157895,98.34763157894736,2,55
2019,1180.0529666666666,26.801611842105263,18.92727272727273,0.5500657894736843,40.85417763157894,12.459671052631576,2.043980263157895,98.34763157894736,2,56
2020,1180.0529666666666,26.801611842105263,18.92727272727273,0.5500657894736843,40.85417763157894,12.459671052631576,2.043980263157895,98.34763157894736,2,56
2021,1180.0529666666666,26.801611842105263,18.92727272727273,0.5500657894736843,40.85417763157894,12.459671052631576,2.043980263157895,98.34763157894736,2,56
2022,1180.0529666666666,26.801611842105263,18.92727272727273,0.5500657894736843,40.85417763157894,12.459671052631576,2.043980263157895,98.34763157894736,2,56
2023,1180.0529666666666,26.801611842105263,18.92727272727273,0.5500657894736843,40.85417763157894,12.459671052631576,2.043980263157895,98.34763157894736,2,56
2019,1180.0529666666666,26.801611842105263,18.92727272727273,0.5500657894736843,40.85417763157894,12.459671052631576,2.043980263157895,98.34763157894736,2,57
2020,1180.0529666666666,26.801611842105263,18.92727272727273,0.5500657894736843,40.85417763157894,12.459671052631576,2.043980263157895,98.34763157894736,2,57
2021,1180.0529666666666,26.801611842105263,18.92727272727273,0.5500657894736843,40.85417763157894,12.459671052631576,2.043980263157895,98.34763157894736,2,57
2022,1180.0529666666666,26.801611842105263,18.92727272727273,0.5500657894736843,40.85417763157894,12.459671052631576,2.043980263157895,98.34763157894736,2,57
2023,1180.0529666666666,26.801611842105263,18.92727272727273,0.5500657894736843,40.85417763157894,12.459671052631576,2.043980263157895,98.34763157894736,2,57
2019,1180.0529666666666,26.801611842105263,18.92727272727273,0.5500657894736843,40.85417763157894,12.459671052631576,2.043980263157895,98.34763157894736,2,58
2020,1180.0529666666666,26.801611842105263,18.92727272727273,0.5500657894736843,40.85417763157894,12.459671052631576,2.043980263157895,98.34763157894736,2,58
2021,1180.0529666666666,26.801611842105263,18.92727272727273,0.5500657894736843,40.85417763157894,12.459671052631576,2.043980263157895,98.34763157894736,2,58
2022,1180.0529666666666,26.801611842105263,18.92727272727273,0.5500657894736843,40.85417763157894,12.459671052631576,2.043980263157895,98.34763157894736,2,58
2023,1180.0529666666666,26.801611842105263,18.92727272727273,0.5500657894736843,40.85417763157894,12.459671052631576,2.043980263157895,98.34763157894736,2,58
2019,1180.0529666666666,26.801611842105263,18.92727272727273,0.5500657894736843,40.85417763157894,12.459671052631576,2.043980263157895,98.34763157894736,2,59
2020,1180.0529666666666,26.801611842105263,18.92727272727273,0.5500657894736843,40.85417763157894,12.459671052631576,2.043980263157895,98.34763157894736,2,59
2021,1180.0529666666666,26.801611842105263,18.92727272727273,0.5500657894736843,40.85417763157894,12.459671052631576,2.043980263157895,98.34763157894736,2,59
2022,1180.0529666666666,26.801611842105263,18.92727272727273,0.5500657894736843,40.85417763157894,12.459671052631576,2.043980263157895,98.34763157894736,2,59
2023,1180.0529666666666,26.801611842105263,18.92727272727273,0.5500657894736843,40.85417763157894,12.459671052631576,2.043980263157895,98.34763157894736,2,59
2019,1180.0529666666666,26.801611842105263,18.92727272727273,0.5500657894736843,40.85417763157894,12.459671052631576,2.043980263157895,98.34763157894736,2,60
2020,1180.0529666666666,26.801611842105263,18.92727272727273,0.5500657894736843,40.85417763157894,12.459671052631576,2.043980263157895,98.34763157894736,2,60
2021,1180.0529666666666,26.801611842105263,18.92727272727273,0.5500657894736843,40.85417763157894,12.459671052631576,2.043980263157895,98.34763157894736,2,60
2022,1180.0529666666666,26.801611842105263,18.92727272727273,0.5500657894736843,40.85417763157894,12.459671052631576,2.043980263157895,98.34763157894736,2,60
2023,1180.0529666666666,26.801611842105263,18.92727272727273,0.5500657894736843,40.85417763157894,12.459671052631576,2.043980263157895,98.34763157894736,2,60
2019,1180.0529666666666,26.801611842105263,18.92727272727273,0.5500657894736843,40.85417763157894,12.459671052631576,2.043980263157895,98.34763157894736,2,61
2020,1180.0529666666666,26.801611842105263,18.92727272727273,0.5500657894736843,40.85417763157894,12.459671052631576,2.043980263157895,98.34763157894736,2,61
2021,1180.0529666666666,26.801611842105263,18.92727272727273,0.5500657894736843,40.85417763157894,12.459671052631576,2.043980263157895,98.34763157894736,2,61
2022,1180.0529666666666,26.801611842105263,18.92727272727273,0.5500657894736843,40.85417763157894,12.459671052631576,2.043980263157895,98.34763157894736,2,61
2023,1180.0529666666666,26.801611842105263,18.92727272727273,0.5500657894736843,40.85417763157894,12.459671052631576,2.043980263157895,98.34763157894736,2,61
2019,1180.0529666666666,26.801611842105263,18.92727272727273,0.5500657894736843,40.85417763157894,12.459671052631576,2.043980263157895,98.34763157894736,2,63
2020,1180.0529666666666,26.801611842105263,18.92727272727273,0.5500657894736843,40.85417763157894,12.459671052631576,2.043980263157895,98.34763157894736,2,63
2021,1180.0529666666666,26.801611842105263,18.92727272727273,0.5500657894736843,40.85417763157894,12.459671052631576,2.043980263157895,98.34763157894736,2,63
2022,1180.0529666666666,26.801611842105263,18.92727272727273,0.5500657894736843,40.85417763157894,12.459671052631576,2.043980263157895,98.34763157894736,2,63
2023,1180.0529666666666,26.801611842105263,18.92727272727273,0.5500657894736843,40.85417763157894,12.459671052631576,2.043980263157895,98.34763157894736,2,63
2019,1180.0529666666666,26.801611842105263,18.92727272727273,0.5500657894736843,40.85417763157894,12.459671052631576,2.043980263157895,98.34763157894736,2,65
2020,1180.0529666666666,26.801611842105263,18.92727272727273,0.5500657894736843,40.85417763157894,12.459671052631576,2.043980263157895,98.34763157894736,2,65
2021,1180.0529666666666,26.801611842105263,18.92727272727273,0.5500657894736843,40.85417763157894,12.459671052631576,2.043980263157895,98.34763157894736,2,65
2022,1180.0529666666666,26.801611842105263,18.92727272727273,0.5500657894736843,40.85417763157894,12.459671052631576,2.043980263157895,98.34763157894736,2,65
2023,1180.0529666666666,26.801611842105263,18.92727272727273,0.5500657894736843,40.85417763157894,12.459671052631576,2.043980263157895,98.34763157894736,2,65
2019,1180.0529666666666,26.801611842105263,18.92727272727273,0.5500657894736843,40.85417763157894,12.459671052631576,2.043980263157895,98.34763157894736,2,66
2020,1180.0529666666666,26.801611842105263,18.92727272727273,0.5500657894736843,40.85417763157894,12.459671052631576,2.043980263157895,98.34763157894736,2,66
2021,1180.0529666666666,26.801611842105263,18.92727272727273,0.5500657894736843,40.85417763157894,12.459671052631576,2.043980263157895,98.34763157894736,2,66
2022,1180.0529666666666,26.801611842105263,18.92727272727273,0.5500657894736843,40.85417763157894,12.459671052631576,2.043980263157895,98.34763157894736,2,66
2023,1180.0529666666666,26.801611842105263,18.92727272727273,0.5500657894736843,40.85417763157894,12.459671052631576,2.043980263157895,98.34763157894736,2,66
2019,1180.0529666666666,26.801611842105263,18.92727272727273,0.5500657894736843,40.85417763157894,12.459671052631576,2.043980263157895,98.34763157894736,2,67
2020,1180.0529666666666,26.801611842105263,18.92727272727273,0.5500657894736843,40.85417763157894,12.459671052631576,2.043980263157895,98.34763157894736,2,67
2021,1180.0529666666666,26.801611842105263,18.92727272727273,0.5500657894736843,40.85417763157894,12.459671052631576,2.043980263157895,98.34763157894736,2,67
2022,1180.0529666666666,26.801611842105263,18.92727272727273,0.5500657894736843,40.85417763157894,12.459671052631576,2.043980263157895,98.34763157894736,2,67
2023,1180.0529666666666,26.801611842105263,18.92727272727273,0.5500657894736843,40.85417763157894,12.459671052631576,2.043980263157895,98.34763157894736,2,67
2019,1180.0529666666666,26.801611842105263,18.92727272727273,0.5500657894736843,40.85417763157894,12.459671052631576,2.043980263157895,98.34763157894736,2,70
2020,1180.0529666666666,26.801611842105263,18.92727272727273,0.5500657894736843,40.85417763157894,12.459671052631576,2.043980263157895,98.34763157894736,2,70
2021,1180.0529666666666,26.801611842105263,18.92727272727273,0.5500657894736843,40.85417763157894,12.459671052631576,2.043980263157895,98.34763157894736,2,70
2022,1180.0529666666666,26.801611842105263,18.92727272727273,0.5500657894736843,40.85417763157894,12.459671052631576,2.043980263157895,98.34763157894736,2,70
2023,1180.0529666666666,26.801611842105263,18.92727272727273,0.5500657894736843,40.85417763157894,12.459671052631576,2.043980263157895,98.34763157894736,2,70
2019,1180.0529666666666,26.801611842105263,18.92727272727273,0.5500657894736843,40.85417763157894,12.459671052631576,2.043980263157895,98.34763157894736,2,71
2020,1180.0529666666666,26.801611842105263,18.92727272727273,0.5500657894736843,40.85417763157894,12.459671052631576,2.043980263157895,98.34763157894736,2,71
2021,1180.0529666666666,26.801611842105263,18.92727272727273,0.5500657894736843,40.85417763157894,12.459671052631576,2.043980263157895,98.34763157894736,2,71
2022,1180.0529666666666,26.801611842105263,18.92727272727273,0.5500657894736843,40.85417763157894,12.459671052631576,2.043980263157895,98.34763157894736,2,71
2023,1180.0529666666666,26.801611842105263,18.92727272727273,0.5500657894736843,40.85417763157894,12.459671052631576,2.043980263157895,98.34763157894736,2,71
2019,1180.0529666666666,26.801611842105263,18.92727272727273,0.5500657894736843,40.85417763157894,12.459671052631576,2.043980263157895,98.34763157894736,2,73
2020,1180.0529666666666,26.801611842105263,18.92727272727273,0.5500657894736843,40.85417763157894,12.459671052631576,2.043980263157895,98.34763157894736,2,73
2021,1180.0529666666666,26.801611842105263,18.92727272727273,0.5500657894736843,40.85417763157894,12.459671052631576,2.043980263157895,98.34763157894736,2,73
2022,1180.0529666666666,26.801611842105263,18.92727272727273,0.5500657894736843,40.85417763157894,12.459671052631576,2.043980263157895,98.34763157894736,2,73
2023,1180.0529666666666,26.801611842105263,18.92727272727273,0.5500657894736843,40.85417763157894,12.459671052631576,2.043980263157895,98.34763157894736,2,73
2019,1180.0529666666666,26.801611842105263,18.92727272727273,0.5500657894736843,40.85417763157894,12.459671052631576,2.043980263157895,98.34763157894736,2,74
2020,1180.0529666666666,26.801611842105263,18.92727272727273,0.5500657894736843,40.85417763157894,12.459671052631576,2.043980263157895,98.34763157894736,2,74
2021,1180.0529666666666,26.801611842105263,18.92727272727273,0.5500657894736843,40.85417763157894,12.459671052631576,2.043980263157895,98.34763157894736,2,74
2022,1180.0529666666666,26.801611842105263,18.92727272727273,0.5500657894736843,40.85417763157894,12.459671052631576,2.043980263157895,98.34763157894736,2,74
2023,1180.0529666666666,26.801611842105263,18.92727272727273,0.5500657894736843,40.85417763157894,12.459671052631576,2.043980263157895,98.34763157894736,2,74
2019,1180.0529666666666,26.801611842105263,18.92727272727273,0.5500657894736843,40.85417763157894,12.459671052631576,2.043980263157895,98.34763157894736,2,75
2020,1180.0529666666666,26.801611842105263,18.92727272727273,0.5500657894736843,40.85417763157894,12.459671052631576,2.043980263157895,98.34763157894736,2,75
2021,1180.0529666666666,26.801611842105263,18.92727272727273,0.5500657894736843,40.85417763157894,12.459671052631576,2.043980263157895,98.34763157894736,2,75
2022,1180.0529666666666,26.801611842105263,18.92727272727273,0.5500657894736843,40.85417763157894,12.459671052631576,2.043980263157895,98.34763157894736,2,75
2023,1180.0529666666666,26.801611842105263,18.92727272727273,0.5500657894736843,40.85417763157894,12.459671052631576,2.043980263157895,98.34763157894736,2,75
2019,1180.0529666666666,26.801611842105263,18.92727272727273,0.5500657894736843,40.85417763157894,12.459671052631576,2.043980263157895,98.34763157894736,2,76
2020,1180.0529666666666,26.801611842105263,18.92727272727273,0.5500657894736843,40.85417763157894,12.459671052631576,2.043980263157895,98.34763157894736,2,76
2021,1180.0529666666666,26.801611842105263,18.92727272727273,0.5500657894736843,40.85417763157894,12.459671052631576,2.043980263157895,98.34763157894736,2,76
2022,1180.0529666666666,26.801611842105263,18.92727272727273,0.5500657894736843,40.85417763157894,12.459671052631576,2.043980263157895,98.34763157894736,2,76
2023,1180.0529666666666,26.801611842105263,18.92727272727273,0.5500657894736843,40.85417763157894,12.459671052631576,2.043980263157895,98.34763157894736,2,76
2019,1180.0529666666666,26.801611842105263,18.92727272727273,0.5500657894736843,40.85417763157894,12.459671052631576,2.043980263157895,98.34763157894736,2,77
2020,1180.0529666666666,26.801611842105263,18.92727272727273,0.5500657894736843,40.85417763157894,12.459671052631576,2.043980263157895,98.34763157894736,2,77
2021,1180.0529666666666,26.801611842105263,18.92727272727273,0.5500657894736843,40.85417763157894,12.459671052631576,2.043980263157895,98.34763157894736,2,77
2022,1180.0529666666666,26.801611842105263,18.92727272727273,0.5500657894736843,40.85417763157894,12.459671052631576,2.043980263157895,98.34763157894736,2,77
2023,1180.0529666666666,26.801611842105263,18.92727272727273,0.5500657894736843,40.85417763157894,12.459671052631576,2.043980263157895,98.34763157894736,2,77
2019,1180.0529666666666,26.801611842105263,18.92727272727273,0.5500657894736843,40.85417763157894,12.459671052631576,2.043980263157895,98.34763157894736,2,80
2020,1180.0529666666666,26.801611842105263,18.92727272727273,0.5500657894736843,40.85417763157894,12.459671052631576,2.043980263157895,98.34763157894736,2,80
2021,1180.0529666666666,26.801611842105263,18.92727272727273,0.5500657894736843,40.85417763157894,12.459671052631576,2.043980263157895,98.34763157894736,2,80
2022,1180.0529666666666,26.801611842105263,18.92727272727273,0.5500657894736843,40.85417763157894,12.459671052631576,2.043980263157895,98.34763157894736,2,80
2023,1180.0529666666666,26.801611842105263,18.92727272727273,0.5500657894736843,40.85417763157894,12.459671052631576,2.043980263157895,98.34763157894736,2,80
2019,1180.0529666666666,26.801611842105263,18.92727272727273,0.5500657894736843,40.85417763157894,12.459671052631576,2.043980263157895,98.34763157894736,2,81
2020,1180.0529666666666,26.801611842105263,18.92727272727273,0.5500657894736843,40.85417763157894,12.459671052631576,2.043980263157895,98.34763157894736,2,81
2021,1180.0529666666666,26.801611842105263,18.92727272727273,0.5500657894736843,40.85417763157894,12.459671052631576,2.043980263157895,98.34763157894736,2,81
2022,1180.0529666666666,26.801611842105263,18.92727272727273,0.5500657894736843,40.85417763157894,12.459671052631576,2.043980263157895,98.34763157894736,2,81
2023,1180.0529666666666,26.801611842105263,18.92727272727273,0.5500657894736843,40.85417763157894,12.459671052631576,2.043980263157895,98.34763157894736,2,81
2019,1180.0529666666666,26.801611842105263,18.92727272727273,0.5500657894736843,40.85417763157894,12.459671052631576,2.043980263157895,98.34763157894736,2,83
2020,1180.0529666666666,26.801611842105263,18.92727272727273,0.5500657894736843,40.85417763157894,12.459671052631576,2.043980263157895,98.34763157894736,2,83
2021,1180.0529666666666,26.801611842105263,18.92727272727273,0.5500657894736843,40.85417763157894,12.459671052631576,2.043980263157895,98.34763157894736,2,83
2022,1180.0529666666666,26.801611842105263,18.92727272727273,0.5500657894736843,40.85417763157894,12.459671052631576,2.043980263157895,98.34763157894736,2,83
2023,1180.0529666666666,26.801611842105263,18.92727272727273,0.5500657894736843,40.85417763157894,12.459671052631576,2.043980263157895,98.34763157894736,2,83
2019,1180.0529666666666,26.801611842105263,18.92727272727273,0.5500657894736843,40.85417763157894,12.459671052631576,2.043980263157895,98.34763157894736,2,85
2020,1180.0529666666666,26.801611842105263,18.92727272727273,0.5500657894736843,40.85417763157894,12.459671052631576,2.043980263157895,98.34763157894736,2,85
2021,1180.0529666666666,26.801611842105263,18.92727272727273,0.5500657894736843,40.85417763157894,12.459671052631576,2.043980263157895,98.34763157894736,2,85
2022,1180.0529666666666,26.801611842105263,18.92727272727273,0.5500657894736843,40.85417763157894,12.459671052631576,2.043980263157895,98.34763157894736,2,85
2023,1180.0529666666666,26.801611842105263,18.92727272727273,0.5500657894736843,40.85417763157894,12.459671052631576,2.043980263157895,98.34763157894736,2,85
2019,1180.0529666666666,26.801611842105263,18.92727272727273,0.5500657894736843,40.85417763157894,12.459671052631576,2.043980263157895,98.34763157894736,2,87
2020,1180.0529666666666,26.801611842105263,18.92727272727273,0.5500657894736843,40.85417763157894,12.459671052631576,2.043980263157895,98.34763157894736,2,87
2021,1180.0529666666666,26.801611842105263,18.92727272727273,0.5500657894736843,40.85417763157894,12.459671052631576,2.043980263157895,98.34763157894736,2,87
2022,1180.0529666666666,26.801611842105263,18.92727272727273,0.5500657894736843,40.85417763157894,12.459671052631576,2.043980263157895,98.34763157894736,2,87
2023,1180.0529666666666,26.801611842105263,18.92727272727273,0.5500657894736843,40.85417763157894,12.459671052631576,2.043980263157895,98.34763157894736,2,87
2019,1180.0529666666666,26.801611842105263,18.92727272727273,0.5500657894736843,40.85417763157894,12.459671052631576,2.043980263157895,98.34763157894736,2,92
2020,1180.0529666666666,26.801611842105263,18.92727272727273,0.5500657894736843,40.85417763157894,12.459671052631576,2.043980263157895,98.34763157894736,2,92
2021,1180.0529666666666,26.801611842105263,18.92727272727273,0.5500657894736843,40.85417763157894,12.459671052631576,2.043980263157895,98.34763157894736,2,92
2022,1180.0529666666666,26.801611842105263,18.92727272727273,0.5500657894736843,40.85417763157894,12.459671052631576,2.043980263157895,98.34763157894736,2,92
2023,1180.0529666666666,26.801611842105263,18.92727272727273,0.5500657894736843,40.85417763157894,12.459671052631576,2.043980263157895,98.34763157894736,2,92
2019,1180.0529666666666,26.801611842105263,18.92727272727273,0.5500657894736843,40.85417763157894,12.459671052631576,2.043980263157895,98.34763157894736,2,13
2020,1180.0529666666666,26.801611842105263,18.92727272727273,0.5500657894736843,40.85417763157894,12.459671052631576,2.043980263157895,98.34763157894736,2,13
2021,1180.0529666666666,26.801611842105263,18.92727272727273,0.5500657894736843,40.85417763157894,12.459671052631576,2.043980263157895,98.34763157894736,2,13
2022,1180.0529666666666,26.801611842105263,18.92727272727273,0.5500657894736843,40.85417763157894,12.459671052631576,2.043980263157895,98.34763157894736,2,13
2023,1180.0529666666666,26.801611842105263,18.92727272727273,0.5500657894736843,40.85417763157894,12.459671052631576,2.043980263157895,98.34763157894736,2,13
2019,1180.0529666666666,26.801611842105263,18.92727272727273,0.5500657894736843,40.85417763157894,12.459671052631576,2.043980263157895,98.34763157894736,2,17
2020,1180.0529666666666,26.801611842105263,18.92727272727273,0.5500657894736843,40.85417763157894,12.459671052631576,2.043980263157895,98.34763157894736,2,17
2021,1180.0529666666666,26.801611842105263,18.92727272727273,0.5500657894736843,40.85417763157894,12.459671052631576,2.043980263157895,98.34763157894736,2,17
2022,1180.0529666666666,26.801611842105263,18.92727272727273,0.5500657894736843,40.85417763157894,12.459671052631576,2.043980263157895,98.34763157894736,2,17
2023,1180.0529666666666,26.801611842105263,18.92727272727273,0.5500657894736843,40.85417763157894,12.459671052631576,2.043980263157895,98.34763157894736,2,17
2019,1180.0529666666666,26.801611842105263,18.92727272727273,0.5500657894736843,40.85417763157894,12.459671052631576,2.043980263157895,98.34763157894736,2,26
2020,1180.0529666666666,26.801611842105263,18.92727272727273,0.5500657894736843,40.85417763157894,12.459671052631576,2.043980263157895,98.34763157894736,2,26
2021,1180.0529666666666,26.801611842105263,18.92727272727273,0.5500657894736843,40.85417763157894,12.459671052631576,2.043980263157895,98.34763157894736,2,26
2022,1180.0529666666666,26.801611842105263,18.92727272727273,0.5500657894736843,40.85417763157894,12.459671052631576,2.043980263157895,98.34763157894736,2,26
2023,1180.0529666666666,26.801611842105263,18.92727272727273,0.5500657894736843,40.85417763157894,12.459671052631576,2.043980263157895,98.34763157894736,2,26
2019,1180.0529666666666,26.801611842105263,18.92727272727273,0.5500657894736843,40.85417763157894,12.459671052631576,2.043980263157895,98.34763157894736,2,28
2020,1180.0529666666666,26.801611842105263,18.92727272727273,0.5500657894736843,40.85417763157894,12.459671052631576,2.043980263157895,98.34763157894736,2,28
2021,1180.0529666666666,26.801611842105263,18.92727272727273,0.5500657894736843,40.85417763157894,12.459671052631576,2.043980263157895,98.34763157894736,2,28
2022,1180.0529666666666,26.801611842105263,18.92727272727273,0.5500657894736843,40.85417763157894,12.459671052631576,2.043980263157895,98.34763157894736,2,28
2023,1180.0529666666666,26.801611842105263,18.92727272727273,0.5500657894736843,40.85417763157894,12.459671052631576,2.043980263157895,98.34763157894736,2,28
2019,1180.0529666666666,26.801611842105263,18.92727272727273,0.5500657894736843,40.85417763157894,12.459671052631576,2.043980263157895,98.34763157894736,2,46
2020,1180.0529666666666,26.801611842105263,18.92727272727273,0.5500657894736843,40.85417763157894,12.459671052631576,2.043980263157895,98.34763157894736,2,46
2021,1180.0529666666666,26.801611842105263,18.92727272727273,0.5500657894736843,40.85417763157894,12.459671052631576,2.043980263157895,98.34763157894736,2,46
2022,1180.0529666666666,26.801611842105263,18.92727272727273,0.5500657894736843,40.85417763157894,12.459671052631576,2.043980263157895,98.34763157894736,2,46
2023,1180.0529666666666,26.801611842105263,18.92727272727273,0.5500657894736843,40.85417763157894,12.459671052631576,2.043980263157895,98.34763157894736,2,46
2019,1180.0529666666666,26.801611842105263,18.92727272727273,0.5500657894736843,40.85417763157894,12.459671052631576,2.043980263157895,98.34763157894736,2,47
2020,1180.0529666666666,26.801611842105263,18.92727272727273,0.5500657894736843,40.85417763157894,12.459671052631576,2.043980263157895,98.34763157894736,2,47
2021,1180.0529666666666,26.801611842105263,18.92727272727273,0.5500657894736843,40.85417763157894,12.459671052631576,2.043980263157895,98.34763157894736,2,47
2022,1180.0529666666666,26.801611842105263,18.92727272727273,0.5500657894736843,40.85417763157894,12.459671052631576,2.043980263157895,98.34763157894736,2,47
2023,1180.0529666666666,26.801611842105263,18.92727272727273,0.5500657894736843,40.85417763157894,12.459671052631576,2.043980263157895,98.34763157894736,2,47
2019,1180.0529666666666,26.801611842105263,18.92727272727273,0.5500657894736843,40.85417763157894,12.459671052631576,2.043980263157895,98.34763157894736,2,69
2020,1180.0529666666666,26.801611842105263,18.92727272727273,0.5500657894736843,40.85417763157894,12.459671052631576,2.043980263157895,98.34763157894736,2,69
2021,1180.0529666666666,26.801611842105263,18.92727272727273,0.5500657894736843,40.85417763157894,12.459671052631576,2.043980263157895,98.34763157894736,2,69
2022,1180.0529666666666,26.801611842105263,18.92727272727273,0.5500657894736843,40.85417763157894,12.459671052631576,2.043980263157895,98.34763157894736,2,69
2023,1180.0529666666666,26.801611842105263,18.92727272727273,0.5500657894736843,40.85417763157894,12.459671052631576,2.043980263157895,98.34763157894736,2,69
2019,1180.0529666666666,26.801611842105263,18.92727272727273,0.5500657894736843,40.85417763157894,12.459671052631576,2.043980263157895,98.34763157894736,2,72
2020,1180.0529666666666,26.801611842105263,18.92727272727273,0.5500657894736843,40.85417763157894,12.459671052631576,2.043980263157895,98.34763157894736,2,72
2021,1180.0529666666666,26.801611842105263,18.92727272727273,0.5500657894736843,40.85417763157894,12.459671052631576,2.043980263157895,98.34763157894736,2,72
2022,1180.0529666666666,26.801611842105263,18.92727272727273,0.5500657894736843,40.85417763157894,12.459671052631576,2.043980263157895,98.34763157894736,2,72
2023,1180.0529666666666,26.801611842105263,18.92727272727273,0.5500657894736843,40.85417763157894,12.459671052631576,2.043980263157895,98.34763157894736,2,72
2019,1180.0529666666666,26.801611842105263,18.92727272727273,0.5500657894736843,40.85417763157894,12.459671052631576,2.043980263157895,98.34763157894736,2,78
2020,1180.0529666666666,26.801611842105263,18.92727272727273,0.5500657894736843,40.85417763157894,12.459671052631576,2.043980263157895,98.34763157894736,2,78
2021,1180.0529666666666,26.801611842105263,18.92727272727273,0.5500657894736843,40.85417763157894,12.459671052631576,2.043980263157895,98.34763157894736,2,78
2022,1180.0529666666666,26.801611842105263,18.92727272727273,0.5500657894736843,40.85417763157894,12.459671052631576,2.043980263157895,98.34763157894736,2,78
2023,1180.0529666666666,26.801611842105263,18.92727272727273,0.5500657894736843,40.85417763157894,12.459671052631576,2.043980263157895,98.34763157894736,2,78
2019,1180.0529666666666,26.801611842105263,18.92727272727273,0.5500657894736843,40.85417763157894,12.459671052631576,2.043980263157895,98.34763157894736,2,86
2020,1180.0529666666666,26.801611842105263,18.92727272727273,0.5500657894736843,40.85417763157894,12.459671052631576,2.043980263157895,98.34763157894736,2,86
2021,1180.0529666666666,26.801611842105263,18.92727272727273,0.5500657894736843,40.85417763157894,12.459671052631576,2.043980263157895,98.34763157894736,2,86
2022,1180.0529666666666,26.801611842105263,18.92727272727273,0.5500657894736843,40.85417763157894,12.459671052631576,2.043980263157895,98.34763157894736,2,86
2023,1180.0529666666666,26.801611842105263,18.92727272727273,0.5500657894736843,40.85417763157894,12.459671052631576,2.043980263157895,98.34763157894736,2,86
2019,1180.0529666666666,26.801611842105263,18.92727272727273,0.5500657894736843,40.85417763157894,12.459671052631576,2.043980263157895,98.34763157894736,2,88
2020,1180.0529666666666,26.801611842105263,18.92727272727273,0.5500657894736843,40.85417763157894,12.459671052631576,2.043980263157895,98.34763157894736,2,88
2021,1180.0529666666666,26.801611842105263,18.92727272727273,0.5500657894736843,40.85417763157894,12.459671052631576,2.043980263157895,98.34763157894736,2,88
2022,1180.0529666666666,26.801611842105263,18.92727272727273,0.5500657894736843,40.85417763157894,12.459671052631576,2.043980263157895,98.34763157894736,2,88
2023,1180.0529666666666,26.801611842105263,18.92727272727273,0.5500657894736843,40.85417763157894,12.459671052631576,2.043980263157895,98.34763157894736,2,88
2019,1180.0529666666666,26.801611842105263,18.92727272727273,0.5500657894736843,40.85417763157894,12.459671052631576,2.043980263157895,98.34763157894736,3,1
2020,1180.0529666666666,26.801611842105263,18.92727272727273,0.5500657894736843,40.85417763157894,12.459671052631576,2.043980263157895,98.34763157894736,3,1
2021,1180.0529666666666,26.801611842105263,18.92727272727273,0.5500657894736843,40.85417763157894,12.459671052631576,2.043980263157895,98.34763157894736,3,1
2022,1180.0529666666666,26.801611842105263,18.92727272727273,0.5500657894736843,40.85417763157894,12.459671052631576,2.043980263157895,98.34763157894736,3,1
2023,1180.0529666666666,26.801611842105263,18.92727272727273,0.5500657894736843,40.85417763157894,12.459671052631576,2.043980263157895,98.34763157894736,3,1
2019,1180.0529666666666,26.801611842105263,18.92727272727273,0.5500657894736843,40.85417763157894,12.459671052631576,2.043980263157895,98.34763157894736,3,3
2020,1180.0529666666666,26.801611842105263,18.92727272727273,0.5500657894736843,40.85417763157894,12.459671052631576,2.043980263157895,98.34763157894736,3,3
2021,1180.0529666666666,26.801611842105263,18.92727272727273,0.5500657894736843,40.85417763157894,12.459671052631576,2.043980263157895,98.34763157894736,3,3
2022,1180.0529666666666,26.801611842105263,18.92727272727273,0.5500657894736843,40.85417763157894,12.459671052631576,2.043980263157895,98.34763157894736,3,3
2023,1180.0529666666666,26.801611842105263,18.92727272727273,0.5500657894736843,40.85417763157894,12.459671052631576,2.043980263157895,98.34763157894736,3,3
2019,1180.0529666666666,26.801611842105263,18.92727272727273,0.5500657894736843,40.85417763157894,12.459671052631576,2.043980263157895,98.34763157894736,3,4
2020,1180.0529666666666,26.801611842105263,18.92727272727273,0.5500657894736843,40.85417763157894,12.459671052631576,2.043980263157895,98.34763157894736,3,4
2021,1180.0529666666666,26.801611842105263,18.92727272727273,0.5500657894736843,40.85417763157894,12.459671052631576,2.043980263157895,98.34763157894736,3,4
2022,1180.0529666666666,26.801611842105263,18.92727272727273,0.5500657894736843,40.85417763157894,12.459671052631576,2.043980263157895,98.34763157894736,3,4
2023,1180.0529666666666,26.801611842105263,18.92727272727273,0.5500657894736843,40.85417763157894,12.459671052631576,2.043980263157895,98.34763157894736,3,4
2019,1180.0529666666666,26.801611842105263,18.92727272727273,0.5500657894736843,40.85417763157894,12.459671052631576,2.043980263157895,98.34763157894736,3,8
2020,1180.0529666666666,26.801611842105263,18.92727272727273,0.5500657894736843,40.85417763157894,12.459671052631576,2.043980263157895,98.34763157894736,3,8
2021,1180.0529666666666,26.801611842105263,18.92727272727273,0.5500657894736843,40.85417763157894,12.459671052631576,2.043980263157895,98.34763157894736,3,8
2022,1180.0529666666666,26.801611842105263,18.92727272727273,0.5500657894736843,40.85417763157894,12.459671052631576,2.043980263157895,98.34763157894736,3,8
2023,1180.0529666666666,26.801611842105263,18.92727272727273,0.5500657894736843,40.85417763157894,12.459671052631576,2.043980263157895,98.34763157894736,3,8
2019,1180.0529666666666,26.801611842105263,18.92727272727273,0.5500657894736843,40.85417763157894,12.459671052631576,2.043980263157895,98.34763157894736,3,10
2020,1180.0529666666666,26.801611842105263,18.92727272727273,0.5500657894736843,40.85417763157894,12.459671052631576,2.043980263157895,98.34763157894736,3,10
2021,1180.0529666666666,26.801611842105263,18.92727272727273,0.5500657894736843,40.85417763157894,12.459671052631576,2.043980263157895,98.34763157894736,3,10
2022,1180.0529666666666,26.801611842105263,18.92727272727273,0.5500657894736843,40.85417763157894,12.459671052631576,2.043980263157895,98.34763157894736,3,10
2023,1180.0529666666666,26.801611842105263,18.92727272727273,0.5500657894736843,40.85417763157894,12.459671052631576,2.043980263157895,98.34763157894736,3,10
2019,1180.0529666666666,26.801611842105263,18.92727272727273,0.5500657894736843,40.85417763157894,12.459671052631576,2.043980263157895,98.34763157894736,3,15
2020,1180.0529666666666,26.801611842105263,18.92727272727273,0.5500657894736843,40.85417763157894,12.459671052631576,2.043980263157895,98.34763157894736,3,15
2021,1180.0529666666666,26.801611842105263,18.92727272727273,0.5500657894736843,40.85417763157894,12.459671052631576,2.043980263157895,98.34763157894736,3,15
2022,1180.0529666666666,26.801611842105263,18.92727272727273,0.5500657894736843,40.85417763157894,12.459671052631576,2.043980263157895,98.34763157894736,3,15
2023,1180.0529666666666,26.801611842105263,18.92727272727273,0.5500657894736843,40.85417763157894,12.459671052631576,2.043980263157895,98.34763157894736,3,15
2019,1180.0529666666666,26.801611842105263,18.92727272727273,0.5500657894736843,40.85417763157894,12.459671052631576,2.043980263157895,98.34763157894736,3,16
2020,1180.0529666666666,26.801611842105263,18.92727272727273,0.5500657894736843,40.85417763157894,12.459671052631576,2.043980263157895,98.34763157894736,3,16
2021,1180.0529666666666,26.801611842105263,18.92727272727273,0.5500657894736843,40.85417763157894,12.459671052631576,2.043980263157895,98.34763157894736,3,16
2022,1180.0529666666666,26.801611842105263,18.92727272727273,0.5500657894736843,40.85417763157894,12.459671052631576,2.043980263157895,98.34763157894736,3,16
2023,1180.0529666666666,26.801611842105263,18.92727272727273,0.5500657894736843,40.85417763157894,12.459671052631576,2.043980263157895,98.34763157894736,3,16
2019,1180.0529666666666,26.801611842105263,18.92727272727273,0.5500657894736843,40.85417763157894,12.459671052631576,2.043980263157895,98.34763157894736,3,18
2020,1180.0529666666666,26.801611842105263,18.92727272727273,0.5500657894736843,40.85417763157894,12.459671052631576,2.043980263157895,98.34763157894736,3,18
2021,1180.0529666666666,26.801611842105263,18.92727272727273,0.5500657894736843,40.85417763157894,12.459671052631576,2.043980263157895,98.34763157894736,3,18
2022,1180.0529666666666,26.801611842105263,18.92727272727273,0.5500657894736843,40.85417763157894,12.459671052631576,2.043980263157895,98.34763157894736,3,18
2023,1180.0529666666666,26.801611842105263,18.92727272727273,0.5500657894736843,40.85417763157894,12.459671052631576,2.043980263157895,98.34763157894736,3,18
2019,1180.0529666666666,26.801611842105263,18.92727272727273,0.5500657894736843,40.85417763157894,12.459671052631576,2.043980263157895,98.34763157894736,3,19
2020,1180.0529666666666,26.801611842105263,18.92727272727273,0.5500657894736843,40.85417763157894,12.459671052631576,2.043980263157895,98.34763157894736,3,19
2021,1180.0529666666666,26.801611842105263,18.92727272727273,0.5500657894736843,40.85417763157894,12.459671052631576,2.043980263157895,98.34763157894736,3,19
2022,1180.0529666666666,26.801611842105263,18.92727272727273,0.5500657894736843,40.85417763157894,12.459671052631576,2.043980263157895,98.34763157894736,3,19
2023,1180.0529666666666,26.801611842105263,18.92727272727273,0.5500657894736843,40.85417763157894,12.459671052631576,2.043980263157895,98.34763157894736,3,19
2019,1180.0529666666666,26.801611842105263,18.92727272727273,0.5500657894736843,40.85417763157894,12.459671052631576,2.043980263157895,98.34763157894736,3,20
2020,1180.0529666666666,26.801611842105263,18.92727272727273,0.5500657894736843,40.85417763157894,12.459671052631576,2.043980263157895,98.34763157894736,3,20
2021,1180.0529666666666,26.801611842105263,18.92727272727273,0.5500657894736843,40.85417763157894,12.459671052631576,2.043980263157895,98.34763157894736,3,20
2022,1180.0529666666666,26.801611842105263,18.92727272727273,0.5500657894736843,40.85417763157894,12.459671052631576,2.043980263157895,98.34763157894736,3,20
2023,1180.0529666666666,26.801611842105263,18.92727272727273,0.5500657894736843,40.85417763157894,12.459671052631576,2.043980263157895,98.34763157894736,3,20
2019,1180.0529666666666,26.801611842105263,18.92727272727273,0.5500657894736843,40.85417763157894,12.459671052631576,2.043980263157895,98.34763157894736,3,21
2020,1180.0529666666666,26.801611842105263,18.92727272727273,0.5500657894736843,40.85417763157894,12.459671052631576,2.043980263157895,98.34763157894736,3,21
2021,1180.0529666666666,26.801611842105263,18.92727272727273,0.5500657894736843,40.85417763157894,12.459671052631576,2.043980263157895,98.34763157894736,3,21
2022,1180.0529666666666,26.801611842105263,18.92727272727273,0.5500657894736843,40.85417763157894,12.459671052631576,2.043980263157895,98.34763157894736,3,21
2023,1180.0529666666666,26.801611842105263,18.92727272727273,0.5500657894736843,40.85417763157894,12.459671052631576,2.043980263157895,98.34763157894736,3,21
2019,1180.0529666666666,26.801611842105263,18.92727272727273,0.5500657894736843,40.85417763157894,12.459671052631576,2.043980263157895,98.34763157894736,3,22
2020,1180.0529666666666,26.801611842105263,18.92727272727273,0.5500657894736843,40.85417763157894,12.459671052631576,2.043980263157895,98.34763157894736,3,22
2021,1180.0529666666666,26.801611842105263,18.92727272727273,0.5500657894736843,40.85417763157894,12.459671052631576,2.043980263157895,98.34763157894736,3,22
2022,1180.0529666666666,26.801611842105263,18.92727272727273,0.5500657894736843,40.85417763157894,12.459671052631576,2.043980263157895,98.34763157894736,3,22
2023,1180.0529666666666,26.801611842105263,18.92727272727273,0.5500657894736843,40.85417763157894,12.459671052631576,2.043980263157895,98.34763157894736,3,22
2019,1180.0529666666666,26.801611842105263,18.92727272727273,0.5500657894736843,40.85417763157894,12.459671052631576,2.043980263157895,98.34763157894736,3,24
2020,1180.0529666666666,26.801611842105263,18.92727272727273,0.5500657894736843,40.85417763157894,12.459671052631576,2.043980263157895,98.34763157894736,3,24
2021,1180.0529666666666,26.801611842105263,18.92727272727273,0.5500657894736843,40.85417763157894,12.459671052631576,2.043980263157895,98.34763157894736,3,24
2022,1180.0529666666666,26.801611842105263,18.92727272727273,0.5500657894736843,40.85417763157894,12.459671052631576,2.043980263157895,98.34763157894736,3,24
2023,1180.0529666666666,26.801611842105263,18.92727272727273,0.5500657894736843,40.85417763157894,12.459671052631576,2.043980263157895,98.34763157894736,3,24
2019,1180.0529666666666,26.801611842105263,18.92727272727273,0.5500657894736843,40.85417763157894,12.459671052631576,2.043980263157895,98.34763157894736,3,25
2020,1180.0529666666666,26.801611842105263,18.92727272727273,0.5500657894736843,40.85417763157894,12.459671052631576,2.043980263157895,98.34763157894736,3,25
2021,1180.0529666666666,26.801611842105263,18.92727272727273,0.5500657894736843,40.85417763157894,12.459671052631576,2.043980263157895,98.34763157894736,3,25
2022,1180.0529666666666,26.801611842105263,18.92727272727273,0.5500657894736843,40.85417763157894,12.459671052631576,2.043980263157895,98.34763157894736,3,25
2023,1180.0529666666666,26.801611842105263,18.92727272727273,0.5500657894736843,40.85417763157894,12.459671052631576,2.043980263157895,98.34763157894736,3,25
2019,1180.0529666666666,26.801611842105263,18.92727272727273,0.5500657894736843,40.85417763157894,12.459671052631576,2.043980263157895,98.34763157894736,3,29
2020,1180.0529666666666,26.801611842105263,18.92727272727273,0.5500657894736843,40.85417763157894,12.459671052631576,2.043980263157895,98.34763157894736,3,29
2021,1180.0529666666666,26.801611842105263,18.92727272727273,0.5500657894736843,40.85417763157894,12.459671052631576,2.043980263157895,98.34763157894736,3,29
2022,1180.0529666666666,26.801611842105263,18.92727272727273,0.5500657894736843,40.85417763157894,12.459671052631576,2.043980263157895,98.34763157894736,3,29
2023,1180.0529666666666,26.801611842105263,18.92727272727273,0.5500657894736843,40.85417763157894,12.459671052631576,2.043980263157895,98.34763157894736,3,29
2019,1180.0529666666666,26.801611842105263,18.92727272727273,0.5500657894736843,40.85417763157894,12.459671052631576,2.043980263157895,98.34763157894736,3,32
2020,1180.0529666666666,26.801611842105263,18.92727272727273,0.5500657894736843,40.85417763157894,12.459671052631576,2.043980263157895,98.34763157894736,3,32
2021,1180.0529666666666,26.801611842105263,18.92727272727273,0.5500657894736843,40.85417763157894,12.459671052631576,2.043980263157895,98.34763157894736,3,32
2022,1180.0529666666666,26.801611842105263,18.92727272727273,0.5500657894736843,40.85417763157894,12.459671052631576,2.043980263157895,98.34763157894736,3,32
2023,1180.0529666666666,26.801611842105263,18.92727272727273,0.5500657894736843,40.85417763157894,12.459671052631576,2.043980263157895,98.34763157894736,3,32
2019,1180.0529666666666,26.801611842105263,18.92727272727273,0.5500657894736843,40.85417763157894,12.459671052631576,2.043980263157895,98.34763157894736,3,33
2020,1180.0529666666666,26.801611842105263,18.92727272727273,0.5500657894736843,40.85417763157894,12.459671052631576,2.043980263157895,98.34763157894736,3,33
2021,1180.0529666666666,26.801611842105263,18.92727272727273,0.5500657894736843,40.85417763157894,12.459671052631576,2.043980263157895,98.34763157894736,3,33
2022,1180.0529666666666,26.801611842105263,18.92727272727273,0.5500657894736843,40.85417763157894,12.459671052631576,2.043980263157895,98.34763157894736,3,33
2023,1180.0529666666666,26.801611842105263,18.92727272727273,0.5500657894736843,40.85417763157894,12.459671052631576,2.043980263157895,98.34763157894736,3,33
2019,1180.0529666666666,26.801611842105263,18.92727272727273,0.5500657894736843,40.85417763157894,12.459671052631576,2.043980263157895,98.34763157894736,3,35
2020,1180.0529666666666,26.801611842105263,18.92727272727273,0.5500657894736843,40.85417763157894,12.459671052631576,2.043980263157895,98.34763157894736,3,35
2021,1180.0529666666666,26.801611842105263,18.92727272727273,0.5500657894736843,40.85417763157894,12.459671052631576,2.043980263157895,98.34763157894736,3,35
2022,1180.0529666666666,26.801611842105263,18.92727272727273,0.5500657894736843,40.85417763157894,12.459671052631576,2.043980263157895,98.34763157894736,3,35
2023,1180.0529666666666,26.801611842105263,18.92727272727273,0.5500657894736843,40.85417763157894,12.459671052631576,2.043980263157895,98.34763157894736,3,35
2019,1180.0529666666666,26.801611842105263,18.92727272727273,0.5500657894736843,40.85417763157894,12.459671052631576,2.043980263157895,98.34763157894736,3,36
2020,1180.0529666666666,26.801611842105263,18.92727272727273,0.5500657894736843,40.85417763157894,12.459671052631576,2.043980263157895,98.34763157894736,3,36
2021,1180.0529666666666,26.801611842105263,18.92727272727273,0.5500657894736843,40.85417763157894,12.459671052631576,2.043980263157895,98.34763157894736,3,36
2022,1180.0529666666666,26.801611842105263,18.92727272727273,0.5500657894736843,40.85417763157894,12.459671052631576,2.043980263157895,98.34763157894736,3,36
2023,1180.0529666666666,26.801611842105263,18.92727272727273,0.5500657894736843,40.85417763157894,12.459671052631576,2.043980263157895,98.34763157894736,3,36
2019,1180.0529666666666,26.801611842105263,18.92727272727273,0.5500657894736843,40.85417763157894,12.459671052631576,2.043980263157895,98.34763157894736,3,38
2020,1180.0529666666666,26.801611842105263,18.92727272727273,0.5500657894736843,40.85417763157894,12.459671052631576,2.043980263157895,98.34763157894736,3,38
2021,1180.0529666666666,26.801611842105263,18.92727272727273,0.5500657894736843,40.85417763157894,12.459671052631576,2.043980263157895,98.34763157894736,3,38
2022,1180.0529666666666,26.801611842105263,18.92727272727273,0.5500657894736843,40.85417763157894,12.459671052631576,2.043980263157895,98.34763157894736,3,38
2023,1180.0529666666666,26.801611842105263,18.92727272727273,0.5500657894736843,40.85417763157894,12.459671052631576,2.043980263157895,98.34763157894736,3,38
2019,1180.0529666666666,26.801611842105263,18.92727272727273,0.5500657894736843,40.85417763157894,12.459671052631576,2.043980263157895,98.34763157894736,3,39
2020,1180.0529666666666,26.801611842105263,18.92727272727273,0.5500657894736843,40.85417763157894,12.459671052631576,2.043980263157895,98.34763157894736,3,39
2021,1180.0529666666666,26.801611842105263,18.92727272727273,0.5500657894736843,40.85417763157894,12.459671052631576,2.043980263157895,98.34763157894736,3,39
2022,1180.0529666666666,26.801611842105263,18.92727272727273,0.5500657894736843,40.85417763157894,12.459671052631576,2.043980263157895,98.34763157894736,3,39
2023,1180.0529666666666,26.801611842105263,18.92727272727273,0.5500657894736843,40.85417763157894,12.459671052631576,2.043980263157895,98.34763157894736,3,39
2019,1180.0529666666666,26.801611842105263,18.92727272727273,0.5500657894736843,40.85417763157894,12.459671052631576,2.043980263157895,98.34763157894736,3,41
2020,1180.0529666666666,26.801611842105263,18.92727272727273,0.5500657894736843,40.85417763157894,12.459671052631576,2.043980263157895,98.34763157894736,3,41
2021,1180.0529666666666,26.801611842105263,18.92727272727273,0.5500657894736843,40.85417763157894,12.459671052631576,2.043980263157895,98.34763157894736,3,41
2022,1180.0529666666666,26.801611842105263,18.92727272727273,0.5500657894736843,40.85417763157894,12.459671052631576,2.043980263157895,98.34763157894736,3,41
2023,1180.0529666666666,26.801611842105263,18.92727272727273,0.5500657894736843,40.85417763157894,12.459671052631576,2.043980263157895,98.34763157894736,3,41
2019,1180.0529666666666,26.801611842105263,18.92727272727273,0.5500657894736843,40.85417763157894,12.459671052631576,2.043980263157895,98.34763157894736,3,42
2020,1180.0529666666666,26.801611842105263,18.92727272727273,0.5500657894736843,40.85417763157894,12.459671052631576,2.043980263157895,98.34763157894736,3,42
2021,1180.0529666666666,26.801611842105263,18.92727272727273,0.5500657894736843,40.85417763157894,12.459671052631576,2.043980263157895,98.34763157894736,3,42
2022,1180.0529666666666,26.801611842105263,18.92727272727273,0.5500657894736843,40.85417763157894,12.459671052631576,2.043980263157895,98.34763157894736,3,42
2023,1180.0529666666666,26.801611842105263,18.92727272727273,0.5500657894736843,40.85417763157894,12.459671052631576,2.043980263157895,98.34763157894736,3,42
2019,1180.0529666666666,26.801611842105263,18.92727272727273,0.5500657894736843,40.85417763157894,12.459671052631576,2.043980263157895,98.34763157894736,3,44
2020,1180.0529666666666,26.801611842105263,18.92727272727273,0.5500657894736843,40.85417763157894,12.459671052631576,2.043980263157895,98.34763157894736,3,44
2021,1180.0529666666666,26.801611842105263,18.92727272727273,0.5500657894736843,40.85417763157894,12.459671052631576,2.043980263157895,98.34763157894736,3,44
2022,1180.0529666666666,26.801611842105263,18.92727272727273,0.5500657894736843,40.85417763157894,12.459671052631576,2.043980263157895,98.34763157894736,3,44
2023,1180.0529666666666,26.801611842105263,18.92727272727273,0.5500657894736843,40.85417763157894,12.459671052631576,2.043980263157895,98.34763157894736,3,44
2019,1180.0529666666666,26.801611842105263,18.92727272727273,0.5500657894736843,40.85417763157894,12.459671052631576,2.043980263157895,98.34763157894736,3,45
2020,1180.0529666666666,26.801611842105263,18.92727272727273,0.5500657894736843,40.85417763157894,12.459671052631576,2.043980263157895,98.34763157894736,3,45
2021,1180.0529666666666,26.801611842105263,18.92727272727273,0.5500657894736843,40.85417763157894,12.459671052631576,2.043980263157895,98.34763157894736,3,45
2022,1180.0529666666666,26.801611842105263,18.92727272727273,0.5500657894736843,40.85417763157894,12.459671052631576,2.043980263157895,98.34763157894736,3,45
2023,1180.0529666666666,26.801611842105263,18.92727272727273,0.5500657894736843,40.85417763157894,12.459671052631576,2.043980263157895,98.34763157894736,3,45
2019,1180.0529666666666,26.801611842105263,18.92727272727273,0.5500657894736843,40.85417763157894,12.459671052631576,2.043980263157895,98.34763157894736,3,48
2020,1180.0529666666666,26.801611842105263,18.92727272727273,0.5500657894736843,40.85417763157894,12.459671052631576,2.043980263157895,98.34763157894736,3,48
2021,1180.0529666666666,26.801611842105263,18.92727272727273,0.5500657894736843,40.85417763157894,12.459671052631576,2.043980263157895,98.34763157894736,3,48
2022,1180.0529666666666,26.801611842105263,18.92727272727273,0.5500657894736843,40.85417763157894,12.459671052631576,2.043980263157895,98.34763157894736,3,48
2023,1180.0529666666666,26.801611842105263,18.92727272727273,0.5500657894736843,40.85417763157894,12.459671052631576,2.043980263157895,98.34763157894736,3,48
2019,1180.0529666666666,26.801611842105263,18.92727272727273,0.5500657894736843,40.85417763157894,12.459671052631576,2.043980263157895,98.34763157894736,3,49
2020,1180.0529666666666,26.801611842105263,18.92727272727273,0.5500657894736843,40.85417763157894,12.459671052631576,2.043980263157895,98.34763157894736,3,49
2021,1180.0529666666666,26.801611842105263,18.92727272727273,0.5500657894736843,40.85417763157894,12.459671052631576,2.043980263157895,98.34763157894736,3,49
2022,1180.0529666666666,26.801611842105263,18.92727272727273,0.5500657894736843,40.85417763157894,12.459671052631576,2.043980263157895,98.34763157894736,3,49
2023,1180.0529666666666,26.801611842105263,18.92727272727273,0.5500657894736843,40.85417763157894,12.459671052631576,2.043980263157895,98.34763157894736,3,49
2019,1180.0529666666666,26.801611842105263,18.92727272727273,0.5500657894736843,40.85417763157894,12.459671052631576,2.043980263157895,98.34763157894736,3,51
2020,1180.0529666666666,26.801611842105263,18.92727272727273,0.5500657894736843,40.85417763157894,12.459671052631576,2.043980263157895,98.34763157894736,3,51
2021,1180.0529666666666,26.801611842105263,18.92727272727273,0.5500657894736843,40.85417763157894,12.459671052631576,2.043980263157895,98.34763157894736,3,51
2022,1180.0529666666666,26.801611842105263,18.92727272727273,0.5500657894736843,40.85417763157894,12.459671052631576,2.043980263157895,98.34763157894736,3,51
2023,1180.0529666666666,26.801611842105263,18.92727272727273,0.5500657894736843,40.85417763157894,12.459671052631576,2.043980263157895,98.34763157894736,3,51
2019,1180.0529666666666,26.801611842105263,18.92727272727273,0.5500657894736843,40.85417763157894,12.459671052631576,2.043980263157895,98.34763157894736,3,52
2020,1180.0529666666666,26.801611842105263,18.92727272727273,0.5500657894736843,40.85417763157894,12.459671052631576,2.043980263157895,98.34763157894736,3,52
2021,1180.0529666666666,26.801611842105263,18.92727272727273,0.5500657894736843,40.85417763157894,12.459671052631576,2.043980263157895,98.34763157894736,3,52
2022,1180.0529666666666,26.801611842105263,18.92727272727273,0.5500657894736843,40.85417763157894,12.459671052631576,2.043980263157895,98.34763157894736,3,52
2023,1180.0529666666666,26.801611842105263,18.92727272727273,0.5500657894736843,40.85417763157894,12.459671052631576,2.043980263157895,98.34763157894736,3,52
2019,1180.0529666666666,26.801611842105263,18.92727272727273,0.5500657894736843,40.85417763157894,12.459671052631576,2.043980263157895,98.34763157894736,3,54
2020,1180.0529666666666,26.801611842105263,18.92727272727273,0.5500657894736843,40.85417763157894,12.459671052631576,2.043980263157895,98.34763157894736,3,54
2021,1180.0529666666666,26.801611842105263,18.92727272727273,0.5500657894736843,40.85417763157894,12.459671052631576,2.043980263157895,98.34763157894736,3,54
2022,1180.0529666666666,26.801611842105263,18.92727272727273,0.5500657894736843,40.85417763157894,12.459671052631576,2.043980263157895,98.34763157894736,3,54
2023,1180.0529666666666,26.801611842105263,18.92727272727273,0.5500657894736843,40.85417763157894,12.459671052631576,2.043980263157895,98.34763157894736,3,54
2019,1180.0529666666666,26.801611842105263,18.92727272727273,0.5500657894736843,40.85417763157894,12.459671052631576,2.043980263157895,98.34763157894736,3,55
2020,1180.0529666666666,26.801611842105263,18.92727272727273,0.5500657894736843,40.85417763157894,12.459671052631576,2.043980263157895,98.34763157894736,3,55
2021,1180.0529666666666,26.801611842105263,18.92727272727273,0.5500657894736843,40.85417763157894,12.459671052631576,2.043980263157895,98.34763157894736,3,55
2022,1180.0529666666666,26.801611842105263,18.92727272727273,0.5500657894736843,40.85417763157894,12.459671052631576,2.043980263157895,98.34763157894736,3,55
2023,1180.0529666666666,26.801611842105263,18.92727272727273,0.5500657894736843,40.85417763157894,12.459671052631576,2.043980263157895,98.34763157894736,3,55
2019,1180.0529666666666,26.801611842105263,18.92727272727273,0.5500657894736843,40.85417763157894,12.459671052631576,2.043980263157895,98.34763157894736,3,56
2020,1180.0529666666666,26.801611842105263,18.92727272727273,0.5500657894736843,40.85417763157894,12.459671052631576,2.043980263157895,98.34763157894736,3,56
2021,1180.0529666666666,26.801611842105263,18.92727272727273,0.5500657894736843,40.85417763157894,12.459671052631576,2.043980263157895,98.34763157894736,3,56
2022,1180.0529666666666,26.801611842105263,18.92727272727273,0.5500657894736843,40.85417763157894,12.459671052631576,2.043980263157895,98.34763157894736,3,56
2023,1180.0529666666666,26.801611842105263,18.92727272727273,0.5500657894736843,40.85417763157894,12.459671052631576,2.043980263157895,98.34763157894736,3,56
2019,1180.0529666666666,26.801611842105263,18.92727272727273,0.5500657894736843,40.85417763157894,12.459671052631576,2.043980263157895,98.34763157894736,3,57
2020,1180.0529666666666,26.801611842105263,18.92727272727273,0.5500657894736843,40.85417763157894,12.459671052631576,2.043980263157895,98.34763157894736,3,57
2021,1180.0529666666666,26.801611842105263,18.92727272727273,0.5500657894736843,40.85417763157894,12.459671052631576,2.043980263157895,98.34763157894736,3,57
2022,1180.0529666666666,26.801611842105263,18.92727272727273,0.5500657894736843,40.85417763157894,12.459671052631576,2.043980263157895,98.34763157894736,3,57
2023,1180.0529666666666,26.801611842105263,18.92727272727273,0.5500657894736843,40.85417763157894,12.459671052631576,2.043980263157895,98.34763157894736,3,57
2019,1180.0529666666666,26.801611842105263,18.92727272727273,0.5500657894736843,40.85417763157894,12.459671052631576,2.043980263157895,98.34763157894736,3,60
2020,1180.0529666666666,26.801611842105263,18.92727272727273,0.5500657894736843,40.85417763157894,12.459671052631576,2.043980263157895,98.34763157894736,3,60
2021,1180.0529666666666,26.801611842105263,18.92727272727273,0.5500657894736843,40.85417763157894,12.459671052631576,2.043980263157895,98.34763157894736,3,60
2022,1180.0529666666666,26.801611842105263,18.92727272727273,0.5500657894736843,40.85417763157894,12.459671052631576,2.043980263157895,98.34763157894736,3,60
2023,1180.0529666666666,26.801611842105263,18.92727272727273,0.5500657894736843,40.85417763157894,12.459671052631576,2.043980263157895,98.34763157894736,3,60
2019,1180.0529666666666,26.801611842105263,18.92727272727273,0.5500657894736843,40.85417763157894,12.459671052631576,2.043980263157895,98.34763157894736,3,61
2020,1180.0529666666666,26.801611842105263,18.92727272727273,0.5500657894736843,40.85417763157894,12.459671052631576,2.043980263157895,98.34763157894736,3,61
2021,1180.0529666666666,26.801611842105263,18.92727272727273,0.5500657894736843,40.85417763157894,12.459671052631576,2.043980263157895,98.34763157894736,3,61
2022,1180.0529666666666,26.801611842105263,18.92727272727273,0.5500657894736843,40.85417763157894,12.459671052631576,2.043980263157895,98.34763157894736,3,61
2023,1180.0529666666666,26.801611842105263,18.92727272727273,0.5500657894736843,40.85417763157894,12.459671052631576,2.043980263157895,98.34763157894736,3,61
2019,1180.0529666666666,26.801611842105263,18.92727272727273,0.5500657894736843,40.85417763157894,12.459671052631576,2.043980263157895,98.34763157894736,3,63
2020,1180.0529666666666,26.801611842105263,18.92727272727273,0.5500657894736843,40.85417763157894,12.459671052631576,2.043980263157895,98.34763157894736,3,63
2021,1180.0529666666666,26.801611842105263,18.92727272727273,0.5500657894736843,40.85417763157894,12.459671052631576,2.043980263157895,98.34763157894736,3,63
2022,1180.0529666666666,26.801611842105263,18.92727272727273,0.5500657894736843,40.85417763157894,12.459671052631576,2.043980263157895,98.34763157894736,3,63
2023,1180.0529666666666,26.801611842105263,18.92727272727273,0.5500657894736843,40.85417763157894,12.459671052631576,2.043980263157895,98.34763157894736,3,63
2019,1180.0529666666666,26.801611842105263,18.92727272727273,0.5500657894736843,40.85417763157894,12.459671052631576,2.043980263157895,98.34763157894736,3,65
2020,1180.0529666666666,26.801611842105263,18.92727272727273,0.5500657894736843,40.85417763157894,12.459671052631576,2.043980263157895,98.34763157894736,3,65
2021,1180.0529666666666,26.801611842105263,18.92727272727273,0.5500657894736843,40.85417763157894,12.459671052631576,2.043980263157895,98.34763157894736,3,65
2022,1180.0529666666666,26.801611842105263,18.92727272727273,0.5500657894736843,40.85417763157894,12.459671052631576,2.043980263157895,98.34763157894736,3,65
2023,1180.0529666666666,26.801611842105263,18.92727272727273,0.5500657894736843,40.85417763157894,12.459671052631576,2.043980263157895,98.34763157894736,3,65
2019,1180.0529666666666,26.801611842105263,18.92727272727273,0.5500657894736843,40.85417763157894,12.459671052631576,2.043980263157895,98.34763157894736,3,66
2020,1180.0529666666666,26.801611842105263,18.92727272727273,0.5500657894736843,40.85417763157894,12.459671052631576,2.043980263157895,98.34763157894736,3,66
2021,1180.0529666666666,26.801611842105263,18.92727272727273,0.5500657894736843,40.85417763157894,12.459671052631576,2.043980263157895,98.34763157894736,3,66
2022,1180.0529666666666,26.801611842105263,18.92727272727273,0.5500657894736843,40.85417763157894,12.459671052631576,2.043980263157895,98.34763157894736,3,66
2023,1180.0529666666666,26.801611842105263,18.92727272727273,0.5500657894736843,40.85417763157894,12.459671052631576,2.043980263157895,98.34763157894736,3,66
2019,1180.0529666666666,26.801611842105263,18.92727272727273,0.5500657894736843,40.85417763157894,12.459671052631576,2.043980263157895,98.34763157894736,3,71
2020,1180.0529666666666,26.801611842105263,18.92727272727273,0.5500657894736843,40.85417763157894,12.459671052631576,2.043980263157895,98.34763157894736,3,71
2021,1180.0529666666666,26.801611842105263,18.92727272727273,0.5500657894736843,40.85417763157894,12.459671052631576,2.043980263157895,98.34763157894736,3,71
2022,1180.0529666666666,26.801611842105263,18.92727272727273,0.5500657894736843,40.85417763157894,12.459671052631576,2.043980263157895,98.34763157894736,3,71
2023,1180.0529666666666,26.801611842105263,18.92727272727273,0.5500657894736843,40.85417763157894,12.459671052631576,2.043980263157895,98.34763157894736,3,71
2019,1180.0529666666666,26.801611842105263,18.92727272727273,0.5500657894736843,40.85417763157894,12.459671052631576,2.043980263157895,98.34763157894736,3,73
2020,1180.0529666666666,26.801611842105263,18.92727272727273,0.5500657894736843,40.85417763157894,12.459671052631576,2.043980263157895,98.34763157894736,3,73
2021,1180.0529666666666,26.801611842105263,18.92727272727273,0.5500657894736843,40.85417763157894,12.459671052631576,2.043980263157895,98.34763157894736,3,73
2022,1180.0529666666666,26.801611842105263,18.92727272727273,0.5500657894736843,40.85417763157894,12.459671052631576,2.043980263157895,98.34763157894736,3,73
2023,1180.0529666666666,26.801611842105263,18.92727272727273,0.5500657894736843,40.85417763157894,12.459671052631576,2.043980263157895,98.34763157894736,3,73
2019,1180.0529666666666,26.801611842105263,18.92727272727273,0.5500657894736843,40.85417763157894,12.459671052631576,2.043980263157895,98.34763157894736,3,75
2020,1180.0529666666666,26.801611842105263,18.92727272727273,0.5500657894736843,40.85417763157894,12.459671052631576,2.043980263157895,98.34763157894736,3,75
2021,1180.0529666666666,26.801611842105263,18.92727272727273,0.5500657894736843,40.85417763157894,12.459671052631576,2.043980263157895,98.34763157894736,3,75
2022,1180.0529666666666,26.801611842105263,18.92727272727273,0.5500657894736843,40.85417763157894,12.459671052631576,2.043980263157895,98.34763157894736,3,75
2023,1180.0529666666666,26.801611842105263,18.92727272727273,0.5500657894736843,40.85417763157894,12.459671052631576,2.043980263157895,98.34763157894736,3,75
2019,1180.0529666666666,26.801611842105263,18.92727272727273,0.5500657894736843,40.85417763157894,12.459671052631576,2.043980263157895,98.34763157894736,3,76
2020,1180.0529666666666,26.801611842105263,18.92727272727273,0.5500657894736843,40.85417763157894,12.459671052631576,2.043980263157895,98.34763157894736,3,76
2021,1180.0529666666666,26.801611842105263,18.92727272727273,0.5500657894736843,40.85417763157894,12.459671052631576,2.043980263157895,98.34763157894736,3,76
2022,1180.0529666666666,26.801611842105263,18.92727272727273,0.5500657894736843,40.85417763157894,12.459671052631576,2.043980263157895,98.34763157894736,3,76
2023,1180.0529666666666,26.801611842105263,18.92727272727273,0.5500657894736843,40.85417763157894,12.459671052631576,2.043980263157895,98.34763157894736,3,76
2019,1180.0529666666666,26.801611842105263,18.92727272727273,0.5500657894736843,40.85417763157894,12.459671052631576,2.043980263157895,98.34763157894736,3,80
2020,1180.0529666666666,26.801611842105263,18.92727272727273,0.5500657894736843,40.85417763157894,12.459671052631576,2.043980263157895,98.34763157894736,3,80
2021,1180.0529666666666,26.801611842105263,18.92727272727273,0.5500657894736843,40.85417763157894,12.459671052631576,2.043980263157895,98.34763157894736,3,80
2022,1180.0529666666666,26.801611842105263,18.92727272727273,0.5500657894736843,40.85417763157894,12.459671052631576,2.043980263157895,98.34763157894736,3,80
2023,1180.0529666666666,26.801611842105263,18.92727272727273,0.5500657894736843,40.85417763157894,12.459671052631576,2.043980263157895,98.34763157894736,3,80
2019,1180.0529666666666,26.801611842105263,18.92727272727273,0.5500657894736843,40.85417763157894,12.459671052631576,2.043980263157895,98.34763157894736,3,81
2020,1180.0529666666666,26.801611842105263,18.92727272727273,0.5500657894736843,40.85417763157894,12.459671052631576,2.043980263157895,98.34763157894736,3,81
2021,1180.0529666666666,26.801611842105263,18.92727272727273,0.5500657894736843,40.85417763157894,12.459671052631576,2.043980263157895,98.34763157894736,3,81
2022,1180.0529666666666,26.801611842105263,18.92727272727273,0.5500657894736843,40.85417763157894,12.459671052631576,2.043980263157895,98.34763157894736,3,81
2023,1180.0529666666666,26.801611842105263,18.92727272727273,0.5500657894736843,40.85417763157894,12.459671052631576,2.043980263157895,98.34763157894736,3,81
2019,1180.0529666666666,26.801611842105263,18.92727272727273,0.5500657894736843,40.85417763157894,12.459671052631576,2.043980263157895,98.34763157894736,3,83
2020,1180.0529666666666,26.801611842105263,18.92727272727273,0.5500657894736843,40.85417763157894,12.459671052631576,2.043980263157895,98.34763157894736,3,83
2021,1180.0529666666666,26.801611842105263,18.92727272727273,0.5500657894736843,40.85417763157894,12.459671052631576,2.043980263157895,98.34763157894736,3,83
2022,1180.0529666666666,26.801611842105263,18.92727272727273,0.5500657894736843,40.85417763157894,12.459671052631576,2.043980263157895,98.34763157894736,3,83
2023,1180.0529666666666,26.801611842105263,18.92727272727273,0.5500657894736843,40.85417763157894,12.459671052631576,2.043980263157895,98.34763157894736,3,83
2019,1180.0529666666666,26.801611842105263,18.92727272727273,0.5500657894736843,40.85417763157894,12.459671052631576,2.043980263157895,98.34763157894736,3,85
2020,1180.0529666666666,26.801611842105263,18.92727272727273,0.5500657894736843,40.85417763157894,12.459671052631576,2.043980263157895,98.34763157894736,3,85
2021,1180.0529666666666,26.801611842105263,18.92727272727273,0.5500657894736843,40.85417763157894,12.459671052631576,2.043980263157895,98.34763157894736,3,85
2022,1180.0529666666666,26.801611842105263,18.92727272727273,0.5500657894736843,40.85417763157894,12.459671052631576,2.043980263157895,98.34763157894736,3,85
2023,1180.0529666666666,26.801611842105263,18.92727272727273,0.5500657894736843,40.85417763157894,12.459671052631576,2.043980263157895,98.34763157894736,3,85
2019,1180.0529666666666,26.801611842105263,18.92727272727273,0.5500657894736843,40.85417763157894,12.459671052631576,2.043980263157895,98.34763157894736,3,87
2020,1180.0529666666666,26.801611842105263,18.92727272727273,0.5500657894736843,40.85417763157894,12.459671052631576,2.043980263157895,98.34763157894736,3,87
2021,1180.0529666666666,26.801611842105263,18.92727272727273,0.5500657894736843,40.85417763157894,12.459671052631576,2.043980263157895,98.34763157894736,3,87
2022,1180.0529666666666,26.801611842105263,18.92727272727273,0.5500657894736843,40.85417763157894,12.459671052631576,2.043980263157895,98.34763157894736,3,87
2023,1180.0529666666666,26.801611842105263,18.92727272727273,0.5500657894736843,40.85417763157894,12.459671052631576,2.043980263157895,98.34763157894736,3,87
2019,1180.0529666666666,26.801611842105263,18.92727272727273,0.5500657894736843,40.85417763157894,12.459671052631576,2.043980263157895,98.34763157894736,3,92
2020,1180.0529666666666,26.801611842105263,18.92727272727273,0.5500657894736843,40.85417763157894,12.459671052631576,2.043980263157895,98.34763157894736,3,92
2021,1180.0529666666666,26.801611842105263,18.92727272727273,0.5500657894736843,40.85417763157894,12.459671052631576,2.043980263157895,98.34763157894736,3,92
2022,1180.0529666666666,26.801611842105263,18.92727272727273,0.5500657894736843,40.85417763157894,12.459671052631576,2.043980263157895,98.34763157894736,3,92
2023,1180.0529666666666,26.801611842105263,18.92727272727273,0.5500657894736843,40.85417763157894,12.459671052631576,2.043980263157895,98.34763157894736,3,92
2019,1180.0529666666666,26.801611842105263,18.92727272727273,0.5500657894736843,40.85417763157894,12.459671052631576,2.043980263157895,98.34763157894736,3,13
2020,1180.0529666666666,26.801611842105263,18.92727272727273,0.5500657894736843,40.85417763157894,12.459671052631576,2.043980263157895,98.34763157894736,3,13
2021,1180.0529666666666,26.801611842105263,18.92727272727273,0.5500657894736843,40.85417763157894,12.459671052631576,2.043980263157895,98.34763157894736,3,13
2022,1180.0529666666666,26.801611842105263,18.92727272727273,0.5500657894736843,40.85417763157894,12.459671052631576,2.043980263157895,98.34763157894736,3,13
2023,1180.0529666666666,26.801611842105263,18.92727272727273,0.5500657894736843,40.85417763157894,12.459671052631576,2.043980263157895,98.34763157894736,3,13
2019,1180.0529666666666,26.801611842105263,18.92727272727273,0.5500657894736843,40.85417763157894,12.459671052631576,2.043980263157895,98.34763157894736,3,17
2020,1180.0529666666666,26.801611842105263,18.92727272727273,0.5500657894736843,40.85417763157894,12.459671052631576,2.043980263157895,98.34763157894736,3,17
2021,1180.0529666666666,26.801611842105263,18.92727272727273,0.5500657894736843,40.85417763157894,12.459671052631576,2.043980263157895,98.34763157894736,3,17
2022,1180.0529666666666,26.801611842105263,18.92727272727273,0.5500657894736843,40.85417763157894,12.459671052631576,2.043980263157895,98.34763157894736,3,17
2023,1180.0529666666666,26.801611842105263,18.92727272727273,0.5500657894736843,40.85417763157894,12.459671052631576,2.043980263157895,98.34763157894736,3,17
2019,1180.0529666666666,26.801611842105263,18.92727272727273,0.5500657894736843,40.85417763157894,12.459671052631576,2.043980263157895,98.34763157894736,3,26
2020,1180.0529666666666,26.801611842105263,18.92727272727273,0.5500657894736843,40.85417763157894,12.459671052631576,2.043980263157895,98.34763157894736,3,26
2021,1180.0529666666666,26.801611842105263,18.92727272727273,0.5500657894736843,40.85417763157894,12.459671052631576,2.043980263157895,98.34763157894736,3,26
2022,1180.0529666666666,26.801611842105263,18.92727272727273,0.5500657894736843,40.85417763157894,12.459671052631576,2.043980263157895,98.34763157894736,3,26
2023,1180.0529666666666,26.801611842105263,18.92727272727273,0.5500657894736843,40.85417763157894,12.459671052631576,2.043980263157895,98.34763157894736,3,26
2019,1180.0529666666666,26.801611842105263,18.92727272727273,0.5500657894736843,40.85417763157894,12.459671052631576,2.043980263157895,98.34763157894736,3,28
2020,1180.0529666666666,26.801611842105263,18.92727272727273,0.5500657894736843,40.85417763157894,12.459671052631576,2.043980263157895,98.34763157894736,3,28
2021,1180.0529666666666,26.801611842105263,18.92727272727273,0.5500657894736843,40.85417763157894,12.459671052631576,2.043980263157895,98.34763157894736,3,28
2022,1180.0529666666666,26.801611842105263,18.92727272727273,0.5500657894736843,40.85417763157894,12.459671052631576,2.043980263157895,98.34763157894736,3,28
2023,1180.0529666666666,26.801611842105263,18.92727272727273,0.5500657894736843,40.85417763157894,12.459671052631576,2.043980263157895,98.34763157894736,3,28
2019,1180.0529666666666,26.801611842105263,18.92727272727273,0.5500657894736843,40.85417763157894,12.459671052631576,2.043980263157895,98.34763157894736,3,46
2020,1180.0529666666666,26.801611842105263,18.92727272727273,0.5500657894736843,40.85417763157894,12.459671052631576,2.043980263157895,98.34763157894736,3,46
2021,1180.0529666666666,26.801611842105263,18.92727272727273,0.5500657894736843,40.85417763157894,12.459671052631576,2.043980263157895,98.34763157894736,3,46
2022,1180.0529666666666,26.801611842105263,18.92727272727273,0.5500657894736843,40.85417763157894,12.459671052631576,2.043980263157895,98.34763157894736,3,46
2023,1180.0529666666666,26.801611842105263,18.92727272727273,0.5500657894736843,40.85417763157894,12.459671052631576,2.043980263157895,98.34763157894736,3,46
2019,1180.0529666666666,26.801611842105263,18.92727272727273,0.5500657894736843,40.85417763157894,12.459671052631576,2.043980263157895,98.34763157894736,3,47
2020,1180.0529666666666,26.801611842105263,18.92727272727273,0.5500657894736843,40.85417763157894,12.459671052631576,2.043980263157895,98.34763157894736,3,47
2021,1180.0529666666666,26.801611842105263,18.92727272727273,0.5500657894736843,40.85417763157894,12.459671052631576,2.043980263157895,98.34763157894736,3,47
2022,1180.0529666666666,26.801611842105263,18.92727272727273,0.5500657894736843,40.85417763157894,12.459671052631576,2.043980263157895,98.34763157894736,3,47
2023,1180.0529666666666,26.801611842105263,18.92727272727273,0.5500657894736843,40.85417763157894,12.459671052631576,2.043980263157895,98.34763157894736,3,47
2019,1180.0529666666666,26.801611842105263,18.92727272727273,0.5500657894736843,40.85417763157894,12.459671052631576,2.043980263157895,98.34763157894736,3,69
2020,1180.0529666666666,26.801611842105263,18.92727272727273,0.5500657894736843,40.85417763157894,12.459671052631576,2.043980263157895,98.34763157894736,3,69
2021,1180.0529666666666,26.801611842105263,18.92727272727273,0.5500657894736843,40.85417763157894,12.459671052631576,2.043980263157895,98.34763157894736,3,69
2022,1180.0529666666666,26.801611842105263,18.92727272727273,0.5500657894736843,40.85417763157894,12.459671052631576,2.043980263157895,98.34763157894736,3,69
2023,1180.0529666666666,26.801611842105263,18.92727272727273,0.5500657894736843,40.85417763157894,12.459671052631576,2.043980263157895,98.34763157894736,3,69
2019,1180.0529666666666,26.801611842105263,18.92727272727273,0.5500657894736843,40.85417763157894,12.459671052631576,2.043980263157895,98.34763157894736,3,72
2020,1180.0529666666666,26.801611842105263,18.92727272727273,0.5500657894736843,40.85417763157894,12.459671052631576,2.043980263157895,98.34763157894736,3,72
2021,1180.0529666666666,26.801611842105263,18.92727272727273,0.5500657894736843,40.85417763157894,12.459671052631576,2.043980263157895,98.34763157894736,3,72
2022,1180.0529666666666,26.801611842105263,18.92727272727273,0.5500657894736843,40.85417763157894,12.459671052631576,2.043980263157895,98.34763157894736,3,72
2023,1180.0529666666666,26.801611842105263,18.92727272727273,0.5500657894736843,40.85417763157894,12.459671052631576,2.043980263157895,98.34763157894736,3,72
2019,1180.0529666666666,26.801611842105263,18.92727272727273,0.5500657894736843,40.85417763157894,12.459671052631576,2.043980263157895,98.34763157894736,3,78
2020,1180.0529666666666,26.801611842105263,18.92727272727273,0.5500657894736843,40.85417763157894,12.459671052631576,2.043980263157895,98.34763157894736,3,78
2021,1180.0529666666666,26.801611842105263,18.92727272727273,0.5500657894736843,40.85417763157894,12.459671052631576,2.043980263157895,98.34763157894736,3,78
2022,1180.0529666666666,26.801611842105263,18.92727272727273,0.5500657894736843,40.85417763157894,12.459671052631576,2.043980263157895,98.34763157894736,3,78
2023,1180.0529666666666,26.801611842105263,18.92727272727273,0.5500657894736843,40.85417763157894,12.459671052631576,2.043980263157895,98.34763157894736,3,78
2019,1180.0529666666666,26.801611842105263,18.92727272727273,0.5500657894736843,40.85417763157894,12.459671052631576,2.043980263157895,98.34763157894736,3,86
2020,1180.0529666666666,26.801611842105263,18.92727272727273,0.5500657894736843,40.85417763157894,12.459671052631576,2.043980263157895,98.34763157894736,3,86
2021,1180.0529666666666,26.801611842105263,18.92727272727273,0.5500657894736843,40.85417763157894,12.459671052631576,2.043980263157895,98.34763157894736,3,86
2022,1180.0529666666666,26.801611842105263,18.92727272727273,0.5500657894736843,40.85417763157894,12.459671052631576,2.043980263157895,98.34763157894736,3,86
2023,1180.0529666666666,26.801611842105263,18.92727272727273,0.5500657894736843,40.85417763157894,12.459671052631576,2.043980263157895,98.34763157894736,3,86
2019,1180.0529666666666,26.801611842105263,18.92727272727273,0.5500657894736843,40.85417763157894,12.459671052631576,2.043980263157895,98.34763157894736,3,88
2020,1180.0529666666666,26.801611842105263,18.92727272727273,0.5500657894736843,40.85417763157894,12.459671052631576,2.043980263157895,98.34763157894736,3,88
2021,1180.0529666666666,26.801611842105263,18.92727272727273,0.5500657894736843,40.85417763157894,12.459671052631576,2.043980263157895,98.34763157894736,3,88
2022,1180.0529666666666,26.801611842105263,18.92727272727273,0.5500657894736843,40.85417763157894,12.459671052631576,2.043980263157895,98.34763157894736,3,88
2023,1180.0529666666666,26.801611842105263,18.92727272727273,0.5500657894736843,40.85417763157894,12.459671052631576,2.043980263157895,98.34763157894736,3,88
2019,1180.0529666666666,26.801611842105263,18.92727272727273,0.5500657894736843,40.85417763157894,12.459671052631576,2.043980263157895,98.34763157894736,4,3
2020,1180.0529666666666,26.801611842105263,18.92727272727273,0.5500657894736843,40.85417763157894,12.459671052631576,2.043980263157895,98.34763157894736,4,3
2021,1180.0529666666666,26.801611842105263,18.92727272727273,0.5500657894736843,40.85417763157894,12.459671052631576,2.043980263157895,98.34763157894736,4,3
2022,1180.0529666666666,26.801611842105263,18.92727272727273,0.5500657894736843,40.85417763157894,12.459671052631576,2.043980263157895,98.34763157894736,4,3
2023,1180.0529666666666,26.801611842105263,18.92727272727273,0.5500657894736843,40.85417763157894,12.459671052631576,2.043980263157895,98.34763157894736,4,3
2019,1180.0529666666666,26.801611842105263,18.92727272727273,0.5500657894736843,40.85417763157894,12.459671052631576,2.043980263157895,98.34763157894736,4,10
2020,1180.0529666666666,26.801611842105263,18.92727272727273,0.5500657894736843,40.85417763157894,12.459671052631576,2.043980263157895,98.34763157894736,4,10
2021,1180.0529666666666,26.801611842105263,18.92727272727273,0.5500657894736843,40.85417763157894,12.459671052631576,2.043980263157895,98.34763157894736,4,10
2022,1180.0529666666666,26.801611842105263,18.92727272727273,0.5500657894736843,40.85417763157894,12.459671052631576,2.043980263157895,98.34763157894736,4,10
2023,1180.0529666666666,26.801611842105263,18.92727272727273,0.5500657894736843,40.85417763157894,12.459671052631576,2.043980263157895,98.34763157894736,4,10
2019,1180.0529666666666,26.801611842105263,18.92727272727273,0.5500657894736843,40.85417763157894,12.459671052631576,2.043980263157895,98.34763157894736,4,18
2020,1180.0529666666666,26.801611842105263,18.92727272727273,0.5500657894736843,40.85417763157894,12.459671052631576,2.043980263157895,98.34763157894736,4,18
2021,1180.0529666666666,26.801611842105263,18.92727272727273,0.5500657894736843,40.85417763157894,12.459671052631576,2.043980263157895,98.34763157894736,4,18
2022,1180.0529666666666,26.801611842105263,18.92727272727273,0.5500657894736843,40.85417763157894,12.459671052631576,2.043980263157895,98.34763157894736,4,18
2023,1180.0529666666666,26.801611842105263,18.92727272727273,0.5500657894736843,40.85417763157894,12.459671052631576,2.043980263157895,98.34763157894736,4,18
2019,1180.0529666666666,26.801611842105263,18.92727272727273,0.5500657894736843,40.85417763157894,12.459671052631576,2.043980263157895,98.34763157894736,4,19
2020,1180.0529666666666,26.801611842105263,18.92727272727273,0.5500657894736843,40.85417763157894,12.459671052631576,2.043980263157895,98.34763157894736,4,19
2021,1180.0529666666666,26.801611842105263,18.92727272727273,0.5500657894736843,40.85417763157894,12.459671052631576,2.043980263157895,98.34763157894736,4,19
2022,1180.0529666666666,26.801611842105263,18.92727272727273,0.5500657894736843,40.85417763157894,12.459671052631576,2.043980263157895,98.34763157894736,4,19
2023,1180.0529666666666,26.801611842105263,18.92727272727273,0.5500657894736843,40.85417763157894,12.459671052631576,2.043980263157895,98.34763157894736,4,19
2019,1180.0529666666666,26.801611842105263,18.92727272727273,0.5500657894736843,40.85417763157894,12.459671052631576,2.043980263157895,98.34763157894736,4,20
2020,1180.0529666666666,26.801611842105263,18.92727272727273,0.5500657894736843,40.85417763157894,12.459671052631576,2.043980263157895,98.34763157894736,4,20
2021,1180.0529666666666,26.801611842105263,18.92727272727273,0.5500657894736843,40.85417763157894,12.459671052631576,2.043980263157895,98.34763157894736,4,20
2022,1180.0529666666666,26.801611842105263,18.92727272727273,0.5500657894736843,40.85417763157894,12.459671052631576,2.043980263157895,98.34763157894736,4,20
2023,1180.0529666666666,26.801611842105263,18.92727272727273,0.5500657894736843,40.85417763157894,12.459671052631576,2.043980263157895,98.34763157894736,4,20
2019,1180.0529666666666,26.801611842105263,18.92727272727273,0.5500657894736843,40.85417763157894,12.459671052631576,2.043980263157895,98.34763157894736,4,30
2020,1180.0529666666666,26.801611842105263,18.92727272727273,0.5500657894736843,40.85417763157894,12.459671052631576,2.043980263157895,98.34763157894736,4,30
2021,1180.0529666666666,26.801611842105263,18.92727272727273,0.5500657894736843,40.85417763157894,12.459671052631576,2.043980263157895,98.34763157894736,4,30
2022,1180.0529666666666,26.801611842105263,18.92727272727273,0.5500657894736843,40.85417763157894,12.459671052631576,2.043980263157895,98.34763157894736,4,30
2023,1180.0529666666666,26.801611842105263,18.92727272727273,0.5500657894736843,40.85417763157894,12.459671052631576,2.043980263157895,98.34763157894736,4,30
2019,1180.0529666666666,26.801611842105263,18.92727272727273,0.5500657894736843,40.85417763157894,12.459671052631576,2.043980263157895,98.34763157894736,4,32
2020,1180.0529666666666,26.801611842105263,18.92727272727273,0.5500657894736843,40.85417763157894,12.459671052631576,2.043980263157895,98.34763157894736,4,32
2021,1180.0529666666666,26.801611842105263,18.92727272727273,0.5500657894736843,40.85417763157894,12.459671052631576,2.043980263157895,98.34763157894736,4,32
2022,1180.0529666666666,26.801611842105263,18.92727272727273,0.5500657894736843,40.85417763157894,12.459671052631576,2.043980263157895,98.34763157894736,4,32
2023,1180.0529666666666,26.801611842105263,18.92727272727273,0.5500657894736843,40.85417763157894,12.459671052631576,2.043980263157895,98.34763157894736,4,32
2019,1180.0529666666666,26.801611842105263,18.92727272727273,0.5500657894736843,40.85417763157894,12.459671052631576,2.043980263157895,98.34763157894736,4,42
2020,1180.0529666666666,26.801611842105263,18.92727272727273,0.5500657894736843,40.85417763157894,12.459671052631576,2.043980263157895,98.34763157894736,4,42
2021,1180.0529666666666,26.801611842105263,18.92727272727273,0.5500657894736843,40.85417763157894,12.459671052631576,2.043980263157895,98.34763157894736,4,42
2022,1180.0529666666666,26.801611842105263,18.92727272727273,0.5500657894736843,40.85417763157894,12.459671052631576,2.043980263157895,98.34763157894736,4,42
2023,1180.0529666666666,26.801611842105263,18.92727272727273,0.5500657894736843,40.85417763157894,12.459671052631576,2.043980263157895,98.34763157894736,4,42
2019,1180.0529666666666,26.801611842105263,18.92727272727273,0.5500657894736843,40.85417763157894,12.459671052631576,2.043980263157895,98.34763157894736,4,45
2020,1180.0529666666666,26.801611842105263,18.92727272727273,0.5500657894736843,40.85417763157894,12.459671052631576,2.043980263157895,98.34763157894736,4,45
2021,1180.0529666666666,26.801611842105263,18.92727272727273,0.5500657894736843,40.85417763157894,12.459671052631576,2.043980263157895,98.34763157894736,4,45
2022,1180.0529666666666,26.801611842105263,18.92727272727273,0.5500657894736843,40.85417763157894,12.459671052631576,2.043980263157895,98.34763157894736,4,45
2023,1180.0529666666666,26.801611842105263,18.92727272727273,0.5500657894736843,40.85417763157894,12.459671052631576,2.043980263157895,98.34763157894736,4,45
2019,1180.0529666666666,26.801611842105263,18.92727272727273,0.5500657894736843,40.85417763157894,12.459671052631576,2.043980263157895,98.34763157894736,4,51
2020,1180.0529666666666,26.801611842105263,18.92727272727273,0.5500657894736843,40.85417763157894,12.459671052631576,2.043980263157895,98.34763157894736,4,51
2021,1180.0529666666666,26.801611842105263,18.92727272727273,0.5500657894736843,40.85417763157894,12.459671052631576,2.043980263157895,98.34763157894736,4,51
2022,1180.0529666666666,26.801611842105263,18.92727272727273,0.5500657894736843,40.85417763157894,12.459671052631576,2.043980263157895,98.34763157894736,4,51
2023,1180.0529666666666,26.801611842105263,18.92727272727273,0.5500657894736843,40.85417763157894,12.459671052631576,2.043980263157895,98.34763157894736,4,51
2019,1180.0529666666666,26.801611842105263,18.92727272727273,0.5500657894736843,40.85417763157894,12.459671052631576,2.043980263157895,98.34763157894736,4,55
2020,1180.0529666666666,26.801611842105263,18.92727272727273,0.5500657894736843,40.85417763157894,12.459671052631576,2.043980263157895,98.34763157894736,4,55
2021,1180.0529666666666,26.801611842105263,18.92727272727273,0.5500657894736843,40.85417763157894,12.459671052631576,2.043980263157895,98.34763157894736,4,55
2022,1180.0529666666666,26.801611842105263,18.92727272727273,0.5500657894736843,40.85417763157894,12.459671052631576,2.043980263157895,98.34763157894736,4,55
2023,1180.0529666666666,26.801611842105263,18.92727272727273,0.5500657894736843,40.85417763157894,12.459671052631576,2.043980263157895,98.34763157894736,4,55
2019,1180.0529666666666,26.801611842105263,18.92727272727273,0.5500657894736843,40.85417763157894,12.459671052631576,2.043980263157895,98.34763157894736,4,57
2020,1180.0529666666666,26.801611842105263,18.92727272727273,0.5500657894736843,40.85417763157894,12.459671052631576,2.043980263157895,98.34763157894736,4,57
2021,1180.0529666666666,26.801611842105263,18.92727272727273,0.5500657894736843,40.85417763157894,12.459671052631576,2.043980263157895,98.34763157894736,4,57
2022,1180.0529666666666,26.801611842105263,18.92727272727273,0.5500657894736843,40.85417763157894,12.459671052631576,2.043980263157895,98.34763157894736,4,57
2023,1180.0529666666666,26.801611842105263,18.92727272727273,0.5500657894736843,40.85417763157894,12.459671052631576,2.043980263157895,98.34763157894736,4,57
2019,1180.0529666666666,26.801611842105263,18.92727272727273,0.5500657894736843,40.85417763157894,12.459671052631576,2.043980263157895,98.34763157894736,4,59
2020,1180.0529666666666,26.801611842105263,18.92727272727273,0.5500657894736843,40.85417763157894,12.459671052631576,2.043980263157895,98.34763157894736,4,59
2021,1180.0529666666666,26.801611842105263,18.92727272727273,0.5500657894736843,40.85417763157894,12.459671052631576,2.043980263157895,98.34763157894736,4,59
2022,1180.0529666666666,26.801611842105263,18.92727272727273,0.5500657894736843,40.85417763157894,12.459671052631576,2.043980263157895,98.34763157894736,4,59
2023,1180.0529666666666,26.801611842105263,18.92727272727273,0.5500657894736843,40.85417763157894,12.459671052631576,2.043980263157895,98.34763157894736,4,59
2019,1180.0529666666666,26.801611842105263,18.92727272727273,0.5500657894736843,40.85417763157894,12.459671052631576,2.043980263157895,98.34763157894736,4,60
2020,1180.0529666666666,26.801611842105263,18.92727272727273,0.5500657894736843,40.85417763157894,12.459671052631576,2.043980263157895,98.34763157894736,4,60
2021,1180.0529666666666,26.801611842105263,18.92727272727273,0.5500657894736843,40.85417763157894,12.459671052631576,2.043980263157895,98.34763157894736,4,60
2022,1180.0529666666666,26.801611842105263,18.92727272727273,0.5500657894736843,40.85417763157894,12.459671052631576,2.043980263157895,98.34763157894736,4,60
2023,1180.0529666666666,26.801611842105263,18.92727272727273,0.5500657894736843,40.85417763157894,12.459671052631576,2.043980263157895,98.34763157894736,4,60
2019,1180.0529666666666,26.801611842105263,18.92727272727273,0.5500657894736843,40.85417763157894,12.459671052631576,2.043980263157895,98.34763157894736,4,65
2020,1180.0529666666666,26.801611842105263,18.92727272727273,0.5500657894736843,40.85417763157894,12.459671052631576,2.043980263157895,98.34763157894736,4,65
2021,1180.0529666666666,26.801611842105263,18.92727272727273,0.5500657894736843,40.85417763157894,12.459671052631576,2.043980263157895,98.34763157894736,4,65
2022,1180.0529666666666,26.801611842105263,18.92727272727273,0.5500657894736843,40.85417763157894,12.459671052631576,2.043980263157895,98.34763157894736,4,65
2023,1180.0529666666666,26.801611842105263,18.92727272727273,0.5500657894736843,40.85417763157894,12.459671052631576,2.043980263157895,98.34763157894736,4,65
2019,1180.0529666666666,26.801611842105263,18.92727272727273,0.5500657894736843,40.85417763157894,12.459671052631576,2.043980263157895,98.34763157894736,4,66
2020,1180.0529666666666,26.801611842105263,18.92727272727273,0.5500657894736843,40.85417763157894,12.459671052631576,2.043980263157895,98.34763157894736,4,66
2021,1180.0529666666666,26.801611842105263,18.92727272727273,0.5500657894736843,40.85417763157894,12.459671052631576,2.043980263157895,98.34763157894736,4,66
2022,1180.0529666666666,26.801611842105263,18.92727272727273,0.5500657894736843,40.85417763157894,12.459671052631576,2.043980263157895,98.34763157894736,4,66
2023,1180.0529666666666,26.801611842105263,18.92727272727273,0.5500657894736843,40.85417763157894,12.459671052631576,2.043980263157895,98.34763157894736,4,66
2019,1180.0529666666666,26.801611842105263,18.92727272727273,0.5500657894736843,40.85417763157894,12.459671052631576,2.043980263157895,98.34763157894736,4,71
2020,1180.0529666666666,26.801611842105263,18.92727272727273,0.5500657894736843,40.85417763157894,12.459671052631576,2.043980263157895,98.34763157894736,4,71
2021,1180.0529666666666,26.801611842105263,18.92727272727273,0.5500657894736843,40.85417763157894,12.459671052631576,2.043980263157895,98.34763157894736,4,71
2022,1180.0529666666666,26.801611842105263,18.92727272727273,0.5500657894736843,40.85417763157894,12.459671052631576,2.043980263157895,98.34763157894736,4,71
2023,1180.0529666666666,26.801611842105263,18.92727272727273,0.5500657894736843,40.85417763157894,12.459671052631576,2.043980263157895,98.34763157894736,4,71
2019,1180.0529666666666,26.801611842105263,18.92727272727273,0.5500657894736843,40.85417763157894,12.459671052631576,2.043980263157895,98.34763157894736,4,76
2020,1180.0529666666666,26.801611842105263,18.92727272727273,0.5500657894736843,40.85417763157894,12.459671052631576,2.043980263157895,98.34763157894736,4,76
2021,1180.0529666666666,26.801611842105263,18.92727272727273,0.5500657894736843,40.85417763157894,12.459671052631576,2.043980263157895,98.34763157894736,4,76
2022,1180.0529666666666,26.801611842105263,18.92727272727273,0.5500657894736843,40.85417763157894,12.459671052631576,2.043980263157895,98.34763157894736,4,76
2023,1180.0529666666666,26.801611842105263,18.92727272727273,0.5500657894736843,40.85417763157894,12.459671052631576,2.043980263157895,98.34763157894736,4,76
2019,1180.0529666666666,26.801611842105263,18.92727272727273,0.5500657894736843,40.85417763157894,12.459671052631576,2.043980263157895,98.34763157894736,4,80
2020,1180.0529666666666,26.801611842105263,18.92727272727273,0.5500657894736843,40.85417763157894,12.459671052631576,2.043980263157895,98.34763157894736,4,80
2021,1180.0529666666666,26.801611842105263,18.92727272727273,0.5500657894736843,40.85417763157894,12.459671052631576,2.043980263157895,98.34763157894736,4,80
2022,1180.0529666666666,26.801611842105263,18.92727272727273,0.5500657894736843,40.85417763157894,12.459671052631576,2.043980263157895,98.34763157894736,4,80
2023,1180.0529666666666,26.801611842105263,18.92727272727273,0.5500657894736843,40.85417763157894,12.459671052631576,2.043980263157895,98.34763157894736,4,80
2019,1180.0529666666666,26.801611842105263,18.92727272727273,0.5500657894736843,40.85417763157894,12.459671052631576,2.043980263157895,98.34763157894736,4,81
2020,1180.0529666666666,26.801611842105263,18.92727272727273,0.5500657894736843,40.85417763157894,12.459671052631576,2.043980263157895,98.34763157894736,4,81
2021,1180.0529666666666,26.801611842105263,18.92727272727273,0.5500657894736843,40.85417763157894,12.459671052631576,2.043980263157895,98.34763157894736,4,81
2022,1180.0529666666666,26.801611842105263,18.92727272727273,0.5500657894736843,40.85417763157894,12.459671052631576,2.043980263157895,98.34763157894736,4,81
2023,1180.0529666666666,26.801611842105263,18.92727272727273,0.5500657894736843,40.85417763157894,12.459671052631576,2.043980263157895,98.34763157894736,4,81
2019,1180.0529666666666,26.801611842105263,18.92727272727273,0.5500657894736843,40.85417763157894,12.459671052631576,2.043980263157895,98.34763157894736,4,83
2020,1180.0529666666666,26.801611842105263,18.92727272727273,0.5500657894736843,40.85417763157894,12.459671052631576,2.043980263157895,98.34763157894736,4,83
2021,1180.0529666666666,26.801611842105263,18.92727272727273,0.5500657894736843,40.85417763157894,12.459671052631576,2.043980263157895,98.34763157894736,4,83
2022,1180.0529666666666,26.801611842105263,18.92727272727273,0.5500657894736843,40.85417763157894,12.459671052631576,2.043980263157895,98.34763157894736,4,83
2023,1180.0529666666666,26.801611842105263,18.92727272727273,0.5500657894736843,40.85417763157894,12.459671052631576,2.043980263157895,98.34763157894736,4,83
2019,1180.0529666666666,26.801611842105263,18.92727272727273,0.5500657894736843,40.85417763157894,12.459671052631576,2.043980263157895,98.34763157894736,4,85
2020,1180.0529666666666,26.801611842105263,18.92727272727273,0.5500657894736843,40.85417763157894,12.459671052631576,2.043980263157895,98.34763157894736,4,85
2021,1180.0529666666666,26.801611842105263,18.92727272727273,0.5500657894736843,40.85417763157894,12.459671052631576,2.043980263157895,98.34763157894736,4,85
2022,1180.0529666666666,26.801611842105263,18.92727272727273,0.5500657894736843,40.85417763157894,12.459671052631576,2.043980263157895,98.34763157894736,4,85
2023,1180.0529666666666,26.801611842105263,18.92727272727273,0.5500657894736843,40.85417763157894,12.459671052631576,2.043980263157895,98.34763157894736,4,85
2019,1180.0529666666666,26.801611842105263,18.92727272727273,0.5500657894736843,40.85417763157894,12.459671052631576,2.043980263157895,98.34763157894736,4,92
2020,1180.0529666666666,26.801611842105263,18.92727272727273,0.5500657894736843,40.85417763157894,12.459671052631576,2.043980263157895,98.34763157894736,4,92
2021,1180.0529666666666,26.801611842105263,18.92727272727273,0.5500657894736843,40.85417763157894,12.459671052631576,2.043980263157895,98.34763157894736,4,92
2022,1180.0529666666666,26.801611842105263,18.92727272727273,0.5500657894736843,40.85417763157894,12.459671052631576,2.043980263157895,98.34763157894736,4,92
2023,1180.0529666666666,26.801611842105263,18.92727272727273,0.5500657894736843,40.85417763157894,12.459671052631576,2.043980263157895,98.34763157894736,4,92
2019,1180.0529666666666,26.801611842105263,18.92727272727273,0.5500657894736843,40.85417763157894,12.459671052631576,2.043980263157895,98.34763157894736,4,13
2020,1180.0529666666666,26.801611842105263,18.92727272727273,0.5500657894736843,40.85417763157894,12.459671052631576,2.043980263157895,98.34763157894736,4,13
2021,1180.0529666666666,26.801611842105263,18.92727272727273,0.5500657894736843,40.85417763157894,12.459671052631576,2.043980263157895,98.34763157894736,4,13
2022,1180.0529666666666,26.801611842105263,18.92727272727273,0.5500657894736843,40.85417763157894,12.459671052631576,2.043980263157895,98.34763157894736,4,13
2023,1180.0529666666666,26.801611842105263,18.92727272727273,0.5500657894736843,40.85417763157894,12.459671052631576,2.043980263157895,98.34763157894736,4,13
2019,1180.0529666666666,26.801611842105263,18.92727272727273,0.5500657894736843,40.85417763157894,12.459671052631576,2.043980263157895,98.34763157894736,4,17
2020,1180.0529666666666,26.801611842105263,18.92727272727273,0.5500657894736843,40.85417763157894,12.459671052631576,2.043980263157895,98.34763157894736,4,17
2021,1180.0529666666666,26.801611842105263,18.92727272727273,0.5500657894736843,40.85417763157894,12.459671052631576,2.043980263157895,98.34763157894736,4,17
2022,1180.0529666666666,26.801611842105263,18.92727272727273,0.5500657894736843,40.85417763157894,12.459671052631576,2.043980263157895,98.34763157894736,4,17
2023,1180.0529666666666,26.801611842105263,18.92727272727273,0.5500657894736843,40.85417763157894,12.459671052631576,2.043980263157895,98.34763157894736,4,17
2019,1180.0529666666666,26.801611842105263,18.92727272727273,0.5500657894736843,40.85417763157894,12.459671052631576,2.043980263157895,98.34763157894736,4,28
2020,1180.0529666666666,26.801611842105263,18.92727272727273,0.5500657894736843,40.85417763157894,12.459671052631576,2.043980263157895,98.34763157894736,4,28
2021,1180.0529666666666,26.801611842105263,18.92727272727273,0.5500657894736843,40.85417763157894,12.459671052631576,2.043980263157895,98.34763157894736,4,28
2022,1180.0529666666666,26.801611842105263,18.92727272727273,0.5500657894736843,40.85417763157894,12.459671052631576,2.043980263157895,98.34763157894736,4,28
2023,1180.0529666666666,26.801611842105263,18.92727272727273,0.5500657894736843,40.85417763157894,12.459671052631576,2.043980263157895,98.34763157894736,4,28
2019,1180.0529666666666,26.801611842105263,18.92727272727273,0.5500657894736843,40.85417763157894,12.459671052631576,2.043980263157895,98.34763157894736,4,46
2020,1180.0529666666666,26.801611842105263,18.92727272727273,0.5500657894736843,40.85417763157894,12.459671052631576,2.043980263157895,98.34763157894736,4,46
2021,1180.0529666666666,26.801611842105263,18.92727272727273,0.5500657894736843,40.85417763157894,12.459671052631576,2.043980263157895,98.34763157894736,4,46
2022,1180.0529666666666,26.801611842105263,18.92727272727273,0.5500657894736843,40.85417763157894,12.459671052631576,2.043980263157895,98.34763157894736,4,46
2023,1180.0529666666666,26.801611842105263,18.92727272727273,0.5500657894736843,40.85417763157894,12.459671052631576,2.043980263157895,98.34763157894736,4,46
2019,1180.0529666666666,26.801611842105263,18.92727272727273,0.5500657894736843,40.85417763157894,12.459671052631576,2.043980263157895,98.34763157894736,4,47
2020,1180.0529666666666,26.801611842105263,18.92727272727273,0.5500657894736843,40.85417763157894,12.459671052631576,2.043980263157895,98.34763157894736,4,47
2021,1180.0529666666666,26.801611842105263,18.92727272727273,0.5500657894736843,40.85417763157894,12.459671052631576,2.043980263157895,98.34763157894736,4,47
2022,1180.0529666666666,26.801611842105263,18.92727272727273,0.5500657894736843,40.85417763157894,12.459671052631576,2.043980263157895,98.34763157894736,4,47
2023,1180.0529666666666,26.801611842105263,18.92727272727273,0.5500657894736843,40.85417763157894,12.459671052631576,2.043980263157895,98.34763157894736,4,47
2019,1180.0529666666666,26.801611842105263,18.92727272727273,0.5500657894736843,40.85417763157894,12.459671052631576,2.043980263157895,98.34763157894736,4,69
2020,1180.0529666666666,26.801611842105263,18.92727272727273,0.5500657894736843,40.85417763157894,12.459671052631576,2.043980263157895,98.34763157894736,4,69
2021,1180.0529666666666,26.801611842105263,18.92727272727273,0.5500657894736843,40.85417763157894,12.459671052631576,2.043980263157895,98.34763157894736,4,69
2022,1180.0529666666666,26.801611842105263,18.92727272727273,0.5500657894736843,40.85417763157894,12.459671052631576,2.043980263157895,98.34763157894736,4,69
2023,1180.0529666666666,26.801611842105263,18.92727272727273,0.5500657894736843,40.85417763157894,12.459671052631576,2.043980263157895,98.34763157894736,4,69
2019,1180.0529666666666,26.801611842105263,18.92727272727273,0.5500657894736843,40.85417763157894,12.459671052631576,2.043980263157895,98.34763157894736,4,72
2020,1180.0529666666666,26.801611842105263,18.92727272727273,0.5500657894736843,40.85417763157894,12.459671052631576,2.043980263157895,98.34763157894736,4,72
2021,1180.0529666666666,26.801611842105263,18.92727272727273,0.5500657894736843,40.85417763157894,12.459671052631576,2.043980263157895,98.34763157894736,4,72
2022,1180.0529666666666,26.801611842105263,18.92727272727273,0.5500657894736843,40.85417763157894,12.459671052631576,2.043980263157895,98.34763157894736,4,72
2023,1180.0529666666666,26.801611842105263,18.92727272727273,0.5500657894736843,40.85417763157894,12.459671052631576,2.043980263157895,98.34763157894736,4,72
2019,1180.0529666666666,26.801611842105263,18.92727272727273,0.5500657894736843,40.85417763157894,12.459671052631576,2.043980263157895,98.34763157894736,4,78
2020,1180.0529666666666,26.801611842105263,18.92727272727273,0.5500657894736843,40.85417763157894,12.459671052631576,2.043980263157895,98.34763157894736,4,78
2021,1180.0529666666666,26.801611842105263,18.92727272727273,0.5500657894736843,40.85417763157894,12.459671052631576,2.043980263157895,98.34763157894736,4,78
2022,1180.0529666666666,26.801611842105263,18.92727272727273,0.5500657894736843,40.85417763157894,12.459671052631576,2.043980263157895,98.34763157894736,4,78
2023,1180.0529666666666,26.801611842105263,18.92727272727273,0.5500657894736843,40.85417763157894,12.459671052631576,2.043980263157895,98.34763157894736,4,78
2019,1180.0529666666666,26.801611842105263,18.92727272727273,0.5500657894736843,40.85417763157894,12.459671052631576,2.043980263157895,98.34763157894736,4,86
2020,1180.0529666666666,26.801611842105263,18.92727272727273,0.5500657894736843,40.85417763157894,12.459671052631576,2.043980263157895,98.34763157894736,4,86
2021,1180.0529666666666,26.801611842105263,18.92727272727273,0.5500657894736843,40.85417763157894,12.459671052631576,2.043980263157895,98.34763157894736,4,86
2022,1180.0529666666666,26.801611842105263,18.92727272727273,0.5500657894736843,40.85417763157894,12.459671052631576,2.043980263157895,98.34763157894736,4,86
2023,1180.0529666666666,26.801611842105263,18.92727272727273,0.5500657894736843,40.85417763157894,12.459671052631576,2.043980263157895,98.34763157894736,4,86
2019,1180.0529666666666,26.801611842105263,18.92727272727273,0.5500657894736843,40.85417763157894,12.459671052631576,2.043980263157895,98.34763157894736,4,88
2020,1180.0529666666666,26.801611842105263,18.92727272727273,0.5500657894736843,40.85417763157894,12.459671052631576,2.043980263157895,98.34763157894736,4,88
2021,1180.0529666666666,26.801611842105263,18.92727272727273,0.5500657894736843,40.85417763157894,12.459671052631576,2.043980263157895,98.34763157894736,4,88
2022,1180.0529666666666,26.801611842105263,18.92727272727273,0.5500657894736843,40.85417763157894,12.459671052631576,2.043980263157895,98.34763157894736,4,88
2023,1180.0529666666666,26.801611842105263,18.92727272727273,0.5500657894736843,40.85417763157894,12.459671052631576,2.043980263157895,98.34763157894736,4,88
2019,1180.0529666666666,26.801611842105263,18.92727272727273,0.5500657894736843,40.85417763157894,12.459671052631576,2.043980263157895,98.34763157894736,5,2
2020,1180.0529666666666,26.801611842105263,18.92727272727273,0.5500657894736843,40.85417763157894,12.459671052631576,2.043980263157895,98.34763157894736,5,2
2021,1180.0529666666666,26.801611842105263,18.92727272727273,0.5500657894736843,40.85417763157894,12.459671052631576,2.043980263157895,98.34763157894736,5,2
2022,1180.0529666666666,26.801611842105263,18.92727272727273,0.5500657894736843,40.85417763157894,12.459671052631576,2.043980263157895,98.34763157894736,5,2
2023,1180.0529666666666,26.801611842105263,18.92727272727273,0.5500657894736843,40.85417763157894,12.459671052631576,2.043980263157895,98.34763157894736,5,2
2019,1180.0529666666666,26.801611842105263,18.92727272727273,0.5500657894736843,40.85417763157894,12.459671052631576,2.043980263157895,98.34763157894736,5,3
2020,1180.0529666666666,26.801611842105263,18.92727272727273,0.5500657894736843,40.85417763157894,12.459671052631576,2.043980263157895,98.34763157894736,5,3
2021,1180.0529666666666,26.801611842105263,18.92727272727273,0.5500657894736843,40.85417763157894,12.459671052631576,2.043980263157895,98.34763157894736,5,3
2022,1180.0529666666666,26.801611842105263,18.92727272727273,0.5500657894736843,40.85417763157894,12.459671052631576,2.043980263157895,98.34763157894736,5,3
2023,1180.0529666666666,26.801611842105263,18.92727272727273,0.5500657894736843,40.85417763157894,12.459671052631576,2.043980263157895,98.34763157894736,5,3
2019,1180.0529666666666,26.801611842105263,18.92727272727273,0.5500657894736843,40.85417763157894,12.459671052631576,2.043980263157895,98.34763157894736,5,4
2020,1180.0529666666666,26.801611842105263,18.92727272727273,0.5500657894736843,40.85417763157894,12.459671052631576,2.043980263157895,98.34763157894736,5,4
2021,1180.0529666666666,26.801611842105263,18.92727272727273,0.5500657894736843,40.85417763157894,12.459671052631576,2.043980263157895,98.34763157894736,5,4
2022,1180.0529666666666,26.801611842105263,18.92727272727273,0.5500657894736843,40.85417763157894,12.459671052631576,2.043980263157895,98.34763157894736,5,4
2023,1180.0529666666666,26.801611842105263,18.92727272727273,0.5500657894736843,40.85417763157894,12.459671052631576,2.043980263157895,98.34763157894736,5,4
2019,1180.0529666666666,26.801611842105263,18.92727272727273,0.5500657894736843,40.85417763157894,12.459671052631576,2.043980263157895,98.34763157894736,5,5
2020,1180.0529666666666,26.801611842105263,18.92727272727273,0.5500657894736843,40.85417763157894,12.459671052631576,2.043980263157895,98.34763157894736,5,5
2021,1180.0529666666666,26.801611842105263,18.92727272727273,0.5500657894736843,40.85417763157894,12.459671052631576,2.043980263157895,98.34763157894736,5,5
2022,1180.0529666666666,26.801611842105263,18.92727272727273,0.5500657894736843,40.85417763157894,12.459671052631576,2.043980263157895,98.34763157894736,5,5
2023,1180.0529666666666,26.801611842105263,18.92727272727273,0.5500657894736843,40.85417763157894,12.459671052631576,2.043980263157895,98.34763157894736,5,5
2019,1180.0529666666666,26.801611842105263,18.92727272727273,0.5500657894736843,40.85417763157894,12.459671052631576,2.043980263157895,98.34763157894736,5,6
2020,1180.0529666666666,26.801611842105263,18.92727272727273,0.5500657894736843,40.85417763157894,12.459671052631576,2.043980263157895,98.34763157894736,5,6
2021,1180.0529666666666,26.801611842105263,18.92727272727273,0.5500657894736843,40.85417763157894,12.459671052631576,2.043980263157895,98.34763157894736,5,6
2022,1180.0529666666666,26.801611842105263,18.92727272727273,0.5500657894736843,40.85417763157894,12.459671052631576,2.043980263157895,98.34763157894736,5,6
2023,1180.0529666666666,26.801611842105263,18.92727272727273,0.5500657894736843,40.85417763157894,12.459671052631576,2.043980263157895,98.34763157894736,5,6
2019,1180.0529666666666,26.801611842105263,18.92727272727273,0.5500657894736843,40.85417763157894,12.459671052631576,2.043980263157895,98.34763157894736,5,7
2020,1180.0529666666666,26.801611842105263,18.92727272727273,0.5500657894736843,40.85417763157894,12.459671052631576,2.043980263157895,98.34763157894736,5,7
2021,1180.0529666666666,26.801611842105263,18.92727272727273,0.5500657894736843,40.85417763157894,12.459671052631576,2.043980263157895,98.34763157894736,5,7
2022,1180.0529666666666,26.801611842105263,18.92727272727273,0.5500657894736843,40.85417763157894,12.459671052631576,2.043980263157895,98.34763157894736,5,7
2023,1180.0529666666666,26.801611842105263,18.92727272727273,0.5500657894736843,40.85417763157894,12.459671052631576,2.043980263157895,98.34763157894736,5,7
2019,1180.0529666666666,26.801611842105263,18.92727272727273,0.5500657894736843,40.85417763157894,12.459671052631576,2.043980263157895,98.34763157894736,5,8
2020,1180.0529666666666,26.801611842105263,18.92727272727273,0.5500657894736843,40.85417763157894,12.459671052631576,2.043980263157895,98.34763157894736,5,8
2021,1180.0529666666666,26.801611842105263,18.92727272727273,0.5500657894736843,40.85417763157894,12.459671052631576,2.043980263157895,98.34763157894736,5,8
2022,1180.0529666666666,26.801611842105263,18.92727272727273,0.5500657894736843,40.85417763157894,12.459671052631576,2.043980263157895,98.34763157894736,5,8
2023,1180.0529666666666,26.801611842105263,18.92727272727273,0.5500657894736843,40.85417763157894,12.459671052631576,2.043980263157895,98.34763157894736,5,8
2019,1180.0529666666666,26.801611842105263,18.92727272727273,0.5500657894736843,40.85417763157894,12.459671052631576,2.043980263157895,98.34763157894736,5,9
2020,1180.0529666666666,26.801611842105263,18.92727272727273,0.5500657894736843,40.85417763157894,12.459671052631576,2.043980263157895,98.34763157894736,5,9
2021,1180.0529666666666,26.801611842105263,18.92727272727273,0.5500657894736843,40.85417763157894,12.459671052631576,2.043980263157895,98.34763157894736,5,9
2022,1180.0529666666666,26.801611842105263,18.92727272727273,0.5500657894736843,40.85417763157894,12.459671052631576,2.043980263157895,98.34763157894736,5,9
2023,1180.0529666666666,26.801611842105263,18.92727272727273,0.5500657894736843,40.85417763157894,12.459671052631576,2.043980263157895,98.34763157894736,5,9
2019,1180.0529666666666,26.801611842105263,18.92727272727273,0.5500657894736843,40.85417763157894,12.459671052631576,2.043980263157895,98.34763157894736,5,10
2020,1180.0529666666666,26.801611842105263,18.92727272727273,0.5500657894736843,40.85417763157894,12.459671052631576,2.043980263157895,98.34763157894736,5,10
2021,1180.0529666666666,26.801611842105263,18.92727272727273,0.5500657894736843,40.85417763157894,12.459671052631576,2.043980263157895,98.34763157894736,5,10
2022,1180.0529666666666,26.801611842105263,18.92727272727273,0.5500657894736843,40.85417763157894,12.459671052631576,2.043980263157895,98.34763157894736,5,10
2023,1180.0529666666666,26.801611842105263,18.92727272727273,0.5500657894736843,40.85417763157894,12.459671052631576,2.043980263157895,98.34763157894736,5,10
2019,1180.0529666666666,26.801611842105263,18.92727272727273,0.5500657894736843,40.85417763157894,12.459671052631576,2.043980263157895,98.34763157894736,5,12
2020,1180.0529666666666,26.801611842105263,18.92727272727273,0.5500657894736843,40.85417763157894,12.459671052631576,2.043980263157895,98.34763157894736,5,12
2021,1180.0529666666666,26.801611842105263,18.92727272727273,0.5500657894736843,40.85417763157894,12.459671052631576,2.043980263157895,98.34763157894736,5,12
2022,1180.0529666666666,26.801611842105263,18.92727272727273,0.5500657894736843,40.85417763157894,12.459671052631576,2.043980263157895,98.34763157894736,5,12
2023,1180.0529666666666,26.801611842105263,18.92727272727273,0.5500657894736843,40.85417763157894,12.459671052631576,2.043980263157895,98.34763157894736,5,12
2019,1180.0529666666666,26.801611842105263,18.92727272727273,0.5500657894736843,40.85417763157894,12.459671052631576,2.043980263157895,98.34763157894736,5,15
2020,1180.0529666666666,26.801611842105263,18.92727272727273,0.5500657894736843,40.85417763157894,12.459671052631576,2.043980263157895,98.34763157894736,5,15
2021,1180.0529666666666,26.801611842105263,18.92727272727273,0.5500657894736843,40.85417763157894,12.459671052631576,2.043980263157895,98.34763157894736,5,15
2022,1180.0529666666666,26.801611842105263,18.92727272727273,0.5500657894736843,40.85417763157894,12.459671052631576,2.043980263157895,98.34763157894736,5,15
2023,1180.0529666666666,26.801611842105263,18.92727272727273,0.5500657894736843,40.85417763157894,12.459671052631576,2.043980263157895,98.34763157894736,5,15
2019,1180.0529666666666,26.801611842105263,18.92727272727273,0.5500657894736843,40.85417763157894,12.459671052631576,2.043980263157895,98.34763157894736,5,16
2020,1180.0529666666666,26.801611842105263,18.92727272727273,0.5500657894736843,40.85417763157894,12.459671052631576,2.043980263157895,98.34763157894736,5,16
2021,1180.0529666666666,26.801611842105263,18.92727272727273,0.5500657894736843,40.85417763157894,12.459671052631576,2.043980263157895,98.34763157894736,5,16
2022,1180.0529666666666,26.801611842105263,18.92727272727273,0.5500657894736843,40.85417763157894,12.459671052631576,2.043980263157895,98.34763157894736,5,16
2023,1180.0529666666666,26.801611842105263,18.92727272727273,0.5500657894736843,40.85417763157894,12.459671052631576,2.043980263157895,98.34763157894736,5,16
2019,1180.0529666666666,26.801611842105263,18.92727272727273,0.5500657894736843,40.85417763157894,12.459671052631576,2.043980263157895,98.34763157894736,5,21
2020,1180.0529666666666,26.801611842105263,18.92727272727273,0.5500657894736843,40.85417763157894,12.459671052631576,2.043980263157895,98.34763157894736,5,21
2021,1180.0529666666666,26.801611842105263,18.92727272727273,0.5500657894736843,40.85417763157894,12.459671052631576,2.043980263157895,98.34763157894736,5,21
2022,1180.0529666666666,26.801611842105263,18.92727272727273,0.5500657894736843,40.85417763157894,12.459671052631576,2.043980263157895,98.34763157894736,5,21
2023,1180.0529666666666,26.801611842105263,18.92727272727273,0.5500657894736843,40.85417763157894,12.459671052631576,2.043980263157895,98.34763157894736,5,21
2019,1180.0529666666666,26.801611842105263,18.92727272727273,0.5500657894736843,40.85417763157894,12.459671052631576,2.043980263157895,98.34763157894736,5,22
2020,1180.0529666666666,26.801611842105263,18.92727272727273,0.5500657894736843,40.85417763157894,12.459671052631576,2.043980263157895,98.34763157894736,5,22
2021,1180.0529666666666,26.801611842105263,18.92727272727273,0.5500657894736843,40.85417763157894,12.459671052631576,2.043980263157895,98.34763157894736,5,22
2022,1180.0529666666666,26.801611842105263,18.92727272727273,0.5500657894736843,40.85417763157894,12.459671052631576,2.043980263157895,98.34763157894736,5,22
2023,1180.0529666666666,26.801611842105263,18.92727272727273,0.5500657894736843,40.85417763157894,12.459671052631576,2.043980263157895,98.34763157894736,5,22
2019,1180.0529666666666,26.801611842105263,18.92727272727273,0.5500657894736843,40.85417763157894,12.459671052631576,2.043980263157895,98.34763157894736,5,23
2020,1180.0529666666666,26.801611842105263,18.92727272727273,0.5500657894736843,40.85417763157894,12.459671052631576,2.043980263157895,98.34763157894736,5,23
2021,1180.0529666666666,26.801611842105263,18.92727272727273,0.5500657894736843,40.85417763157894,12.459671052631576,2.043980263157895,98.34763157894736,5,23
2022,1180.0529666666666,26.801611842105263,18.92727272727273,0.5500657894736843,40.85417763157894,12.459671052631576,2.043980263157895,98.34763157894736,5,23
2023,1180.0529666666666,26.801611842105263,18.92727272727273,0.5500657894736843,40.85417763157894,12.459671052631576,2.043980263157895,98.34763157894736,5,23
2019,1180.0529666666666,26.801611842105263,18.92727272727273,0.5500657894736843,40.85417763157894,12.459671052631576,2.043980263157895,98.34763157894736,5,25
2020,1180.0529666666666,26.801611842105263,18.92727272727273,0.5500657894736843,40.85417763157894,12.459671052631576,2.043980263157895,98.34763157894736,5,25
2021,1180.0529666666666,26.801611842105263,18.92727272727273,0.5500657894736843,40.85417763157894,12.459671052631576,2.043980263157895,98.34763157894736,5,25
2022,1180.0529666666666,26.801611842105263,18.92727272727273,0.5500657894736843,40.85417763157894,12.459671052631576,2.043980263157895,98.34763157894736,5,25
2023,1180.0529666666666,26.801611842105263,18.92727272727273,0.5500657894736843,40.85417763157894,12.459671052631576,2.043980263157895,98.34763157894736,5,25
2019,1180.0529666666666,26.801611842105263,18.92727272727273,0.5500657894736843,40.85417763157894,12.459671052631576,2.043980263157895,98.34763157894736,5,27
2020,1180.0529666666666,26.801611842105263,18.92727272727273,0.5500657894736843,40.85417763157894,12.459671052631576,2.043980263157895,98.34763157894736,5,27
2021,1180.0529666666666,26.801611842105263,18.92727272727273,0.5500657894736843,40.85417763157894,12.459671052631576,2.043980263157895,98.34763157894736,5,27
2022,1180.0529666666666,26.801611842105263,18.92727272727273,0.5500657894736843,40.85417763157894,12.459671052631576,2.043980263157895,98.34763157894736,5,27
2023,1180.0529666666666,26.801611842105263,18.92727272727273,0.5500657894736843,40.85417763157894,12.459671052631576,2.043980263157895,98.34763157894736,5,27
2019,1180.0529666666666,26.801611842105263,18.92727272727273,0.5500657894736843,40.85417763157894,12.459671052631576,2.043980263157895,98.34763157894736,5,29
2020,1180.0529666666666,26.801611842105263,18.92727272727273,0.5500657894736843,40.85417763157894,12.459671052631576,2.043980263157895,98.34763157894736,5,29
2021,1180.0529666666666,26.801611842105263,18.92727272727273,0.5500657894736843,40.85417763157894,12.459671052631576,2.043980263157895,98.34763157894736,5,29
2022,1180.0529666666666,26.801611842105263,18.92727272727273,0.5500657894736843,40.85417763157894,12.459671052631576,2.043980263157895,98.34763157894736,5,29
2023,1180.0529666666666,26.801611842105263,18.92727272727273,0.5500657894736843,40.85417763157894,12.459671052631576,2.043980263157895,98.34763157894736,5,29
2019,1180.0529666666666,26.801611842105263,18.92727272727273,0.5500657894736843,40.85417763157894,12.459671052631576,2.043980263157895,98.34763157894736,5,31
2020,1180.0529666666666,26.801611842105263,18.92727272727273,0.5500657894736843,40.85417763157894,12.459671052631576,2.043980263157895,98.34763157894736,5,31
2021,1180.0529666666666,26.801611842105263,18.92727272727273,0.5500657894736843,40.85417763157894,12.459671052631576,2.043980263157895,98.34763157894736,5,31
2022,1180.0529666666666,26.801611842105263,18.92727272727273,0.5500657894736843,40.85417763157894,12.459671052631576,2.043980263157895,98.34763157894736,5,31
2023,1180.0529666666666,26.801611842105263,18.92727272727273,0.5500657894736843,40.85417763157894,12.459671052631576,2.043980263157895,98.34763157894736,5,31
2019,1180.0529666666666,26.801611842105263,18.92727272727273,0.5500657894736843,40.85417763157894,12.459671052631576,2.043980263157895,98.34763157894736,5,32
2020,1180.0529666666666,26.801611842105263,18.92727272727273,0.5500657894736843,40.85417763157894,12.459671052631576,2.043980263157895,98.34763157894736,5,32
2021,1180.0529666666666,26.801611842105263,18.92727272727273,0.5500657894736843,40.85417763157894,12.459671052631576,2.043980263157895,98.34763157894736,5,32
2022,1180.0529666666666,26.801611842105263,18.92727272727273,0.5500657894736843,40.85417763157894,12.459671052631576,2.043980263157895,98.34763157894736,5,32
2023,1180.0529666666666,26.801611842105263,18.92727272727273,0.5500657894736843,40.85417763157894,12.459671052631576,2.043980263157895,98.34763157894736,5,32
2019,1180.0529666666666,26.801611842105263,18.92727272727273,0.5500657894736843,40.85417763157894,12.459671052631576,2.043980263157895,98.34763157894736,5,33
2020,1180.0529666666666,26.801611842105263,18.92727272727273,0.5500657894736843,40.85417763157894,12.459671052631576,2.043980263157895,98.34763157894736,5,33
2021,1180.0529666666666,26.801611842105263,18.92727272727273,0.5500657894736843,40.85417763157894,12.459671052631576,2.043980263157895,98.34763157894736,5,33
2022,1180.0529666666666,26.801611842105263,18.92727272727273,0.5500657894736843,40.85417763157894,12.459671052631576,2.043980263157895,98.34763157894736,5,33
2023,1180.0529666666666,26.801611842105263,18.92727272727273,0.5500657894736843,40.85417763157894,12.459671052631576,2.043980263157895,98.34763157894736,5,33
2019,1180.0529666666666,26.801611842105263,18.92727272727273,0.5500657894736843,40.85417763157894,12.459671052631576,2.043980263157895,98.34763157894736,5,34
2020,1180.0529666666666,26.801611842105263,18.92727272727273,0.5500657894736843,40.85417763157894,12.459671052631576,2.043980263157895,98.34763157894736,5,34
2021,1180.0529666666666,26.801611842105263,18.92727272727273,0.5500657894736843,40.85417763157894,12.459671052631576,2.043980263157895,98.34763157894736,5,34
2022,1180.0529666666666,26.801611842105263,18.92727272727273,0.5500657894736843,40.85417763157894,12.459671052631576,2.043980263157895,98.34763157894736,5,34
2023,1180.0529666666666,26.801611842105263,18.92727272727273,0.5500657894736843,40.85417763157894,12.459671052631576,2.043980263157895,98.34763157894736,5,34
2019,1180.0529666666666,26.801611842105263,18.92727272727273,0.5500657894736843,40.85417763157894,12.459671052631576,2.043980263157895,98.34763157894736,5,36
2020,1180.0529666666666,26.801611842105263,18.92727272727273,0.5500657894736843,40.85417763157894,12.459671052631576,2.043980263157895,98.34763157894736,5,36
2021,1180.0529666666666,26.801611842105263,18.92727272727273,0.5500657894736843,40.85417763157894,12.459671052631576,2.043980263157895,98.34763157894736,5,36
2022,1180.0529666666666,26.801611842105263,18.92727272727273,0.5500657894736843,40.85417763157894,12.459671052631576,2.043980263157895,98.34763157894736,5,36
2023,1180.0529666666666,26.801611842105263,18.92727272727273,0.5500657894736843,40.85417763157894,12.459671052631576,2.043980263157895,98.34763157894736,5,36
2019,1180.0529666666666,26.801611842105263,18.92727272727273,0.5500657894736843,40.85417763157894,12.459671052631576,2.043980263157895,98.34763157894736,5,37
2020,1180.0529666666666,26.801611842105263,18.92727272727273,0.5500657894736843,40.85417763157894,12.459671052631576,2.043980263157895,98.34763157894736,5,37
2021,1180.0529666666666,26.801611842105263,18.92727272727273,0.5500657894736843,40.85417763157894,12.459671052631576,2.043980263157895,98.34763157894736,5,37
2022,1180.0529666666666,26.801611842105263,18.92727272727273,0.5500657894736843,40.85417763157894,12.459671052631576,2.043980263157895,98.34763157894736,5,37
2023,1180.0529666666666,26.801611842105263,18.92727272727273,0.5500657894736843,40.85417763157894,12.459671052631576,2.043980263157895,98.34763157894736,5,37
2019,1180.0529666666666,26.801611842105263,18.92727272727273,0.5500657894736843,40.85417763157894,12.459671052631576,2.043980263157895,98.34763157894736,5,38
2020,1180.0529666666666,26.801611842105263,18.92727272727273,0.5500657894736843,40.85417763157894,12.459671052631576,2.043980263157895,98.34763157894736,5,38
2021,1180.0529666666666,26.801611842105263,18.92727272727273,0.5500657894736843,40.85417763157894,12.459671052631576,2.043980263157895,98.34763157894736,5,38
2022,1180.0529666666666,26.801611842105263,18.92727272727273,0.5500657894736843,40.85417763157894,12.459671052631576,2.043980263157895,98.34763157894736,5,38
2023,1180.0529666666666,26.801611842105263,18.92727272727273,0.5500657894736843,40.85417763157894,12.459671052631576,2.043980263157895,98.34763157894736,5,38
2019,1180.0529666666666,26.801611842105263,18.92727272727273,0.5500657894736843,40.85417763157894,12.459671052631576,2.043980263157895,98.34763157894736,5,39
2020,1180.0529666666666,26.801611842105263,18.92727272727273,0.5500657894736843,40.85417763157894,12.459671052631576,2.043980263157895,98.34763157894736,5,39
2021,1180.0529666666666,26.801611842105263,18.92727272727273,0.5500657894736843,40.85417763157894,12.459671052631576,2.043980263157895,98.34763157894736,5,39
2022,1180.0529666666666,26.801611842105263,18.92727272727273,0.5500657894736843,40.85417763157894,12.459671052631576,2.043980263157895,98.34763157894736,5,39
2023,1180.0529666666666,26.801611842105263,18.92727272727273,0.5500657894736843,40.85417763157894,12.459671052631576,2.043980263157895,98.34763157894736,5,39
2019,1180.0529666666666,26.801611842105263,18.92727272727273,0.5500657894736843,40.85417763157894,12.459671052631576,2.043980263157895,98.34763157894736,5,40
2020,1180.0529666666666,26.801611842105263,18.92727272727273,0.5500657894736843,40.85417763157894,12.459671052631576,2.043980263157895,98.34763157894736,5,40
2021,1180.0529666666666,26.801611842105263,18.92727272727273,0.5500657894736843,40.85417763157894,12.459671052631576,2.043980263157895,98.34763157894736,5,40
2022,1180.0529666666666,26.801611842105263,18.92727272727273,0.5500657894736843,40.85417763157894,12.459671052631576,2.043980263157895,98.34763157894736,5,40
2023,1180.0529666666666,26.801611842105263,18.92727272727273,0.5500657894736843,40.85417763157894,12.459671052631576,2.043980263157895,98.34763157894736,5,40
2019,1180.0529666666666,26.801611842105263,18.92727272727273,0.5500657894736843,40.85417763157894,12.459671052631576,2.043980263157895,98.34763157894736,5,41
2020,1180.0529666666666,26.801611842105263,18.92727272727273,0.5500657894736843,40.85417763157894,12.459671052631576,2.043980263157895,98.34763157894736,5,41
2021,1180.0529666666666,26.801611842105263,18.92727272727273,0.5500657894736843,40.85417763157894,12.459671052631576,2.043980263157895,98.34763157894736,5,41
2022,1180.0529666666666,26.801611842105263,18.92727272727273,0.5500657894736843,40.85417763157894,12.459671052631576,2.043980263157895,98.34763157894736,5,41
2023,1180.0529666666666,26.801611842105263,18.92727272727273,0.5500657894736843,40.85417763157894,12.459671052631576,2.043980263157895,98.34763157894736,5,41
2019,1180.0529666666666,26.801611842105263,18.92727272727273,0.5500657894736843,40.85417763157894,12.459671052631576,2.043980263157895,98.34763157894736,5,48
2020,1180.0529666666666,26.801611842105263,18.92727272727273,0.5500657894736843,40.85417763157894,12.459671052631576,2.043980263157895,98.34763157894736,5,48
2021,1180.0529666666666,26.801611842105263,18.92727272727273,0.5500657894736843,40.85417763157894,12.459671052631576,2.043980263157895,98.34763157894736,5,48
2022,1180.0529666666666,26.801611842105263,18.92727272727273,0.5500657894736843,40.85417763157894,12.459671052631576,2.043980263157895,98.34763157894736,5,48
2023,1180.0529666666666,26.801611842105263,18.92727272727273,0.5500657894736843,40.85417763157894,12.459671052631576,2.043980263157895,98.34763157894736,5,48
2019,1180.0529666666666,26.801611842105263,18.92727272727273,0.5500657894736843,40.85417763157894,12.459671052631576,2.043980263157895,98.34763157894736,5,49
2020,1180.0529666666666,26.801611842105263,18.92727272727273,0.5500657894736843,40.85417763157894,12.459671052631576,2.043980263157895,98.34763157894736,5,49
2021,1180.0529666666666,26.801611842105263,18.92727272727273,0.5500657894736843,40.85417763157894,12.459671052631576,2.043980263157895,98.34763157894736,5,49
2022,1180.0529666666666,26.801611842105263,18.92727272727273,0.5500657894736843,40.85417763157894,12.459671052631576,2.043980263157895,98.34763157894736,5,49
2023,1180.0529666666666,26.801611842105263,18.92727272727273,0.5500657894736843,40.85417763157894,12.459671052631576,2.043980263157895,98.34763157894736,5,49
2019,1180.0529666666666,26.801611842105263,18.92727272727273,0.5500657894736843,40.85417763157894,12.459671052631576,2.043980263157895,98.34763157894736,5,50
2020,1180.0529666666666,26.801611842105263,18.92727272727273,0.5500657894736843,40.85417763157894,12.459671052631576,2.043980263157895,98.34763157894736,5,50
2021,1180.0529666666666,26.801611842105263,18.92727272727273,0.5500657894736843,40.85417763157894,12.459671052631576,2.043980263157895,98.34763157894736,5,50
2022,1180.0529666666666,26.801611842105263,18.92727272727273,0.5500657894736843,40.85417763157894,12.459671052631576,2.043980263157895,98.34763157894736,5,50
2023,1180.0529666666666,26.801611842105263,18.92727272727273,0.5500657894736843,40.85417763157894,12.459671052631576,2.043980263157895,98.34763157894736,5,50
2019,1180.0529666666666,26.801611842105263,18.92727272727273,0.5500657894736843,40.85417763157894,12.459671052631576,2.043980263157895,98.34763157894736,5,51
2020,1180.0529666666666,26.801611842105263,18.92727272727273,0.5500657894736843,40.85417763157894,12.459671052631576,2.043980263157895,98.34763157894736,5,51
2021,1180.0529666666666,26.801611842105263,18.92727272727273,0.5500657894736843,40.85417763157894,12.459671052631576,2.043980263157895,98.34763157894736,5,51
2022,1180.0529666666666,26.801611842105263,18.92727272727273,0.5500657894736843,40.85417763157894,12.459671052631576,2.043980263157895,98.34763157894736,5,51
2023,1180.0529666666666,26.801611842105263,18.92727272727273,0.5500657894736843,40.85417763157894,12.459671052631576,2.043980263157895,98.34763157894736,5,51
2019,1180.0529666666666,26.801611842105263,18.92727272727273,0.5500657894736843,40.85417763157894,12.459671052631576,2.043980263157895,98.34763157894736,5,52
2020,1180.0529666666666,26.801611842105263,18.92727272727273,0.5500657894736843,40.85417763157894,12.459671052631576,2.043980263157895,98.34763157894736,5,52
2021,1180.0529666666666,26.801611842105263,18.92727272727273,0.5500657894736843,40.85417763157894,12.459671052631576,2.043980263157895,98.34763157894736,5,52
2022,1180.0529666666666,26.801611842105263,18.92727272727273,0.5500657894736843,40.85417763157894,12.459671052631576,2.043980263157895,98.34763157894736,5,52
2023,1180.0529666666666,26.801611842105263,18.92727272727273,0.5500657894736843,40.85417763157894,12.459671052631576,2.043980263157895,98.34763157894736,5,52
2019,1180.0529666666666,26.801611842105263,18.92727272727273,0.5500657894736843,40.85417763157894,12.459671052631576,2.043980263157895,98.34763157894736,5,54
2020,1180.0529666666666,26.801611842105263,18.92727272727273,0.5500657894736843,40.85417763157894,12.459671052631576,2.043980263157895,98.34763157894736,5,54
2021,1180.0529666666666,26.801611842105263,18.92727272727273,0.5500657894736843,40.85417763157894,12.459671052631576,2.043980263157895,98.34763157894736,5,54
2022,1180.0529666666666,26.801611842105263,18.92727272727273,0.5500657894736843,40.85417763157894,12.459671052631576,2.043980263157895,98.34763157894736,5,54
2023,1180.0529666666666,26.801611842105263,18.92727272727273,0.5500657894736843,40.85417763157894,12.459671052631576,2.043980263157895,98.34763157894736,5,54
2019,1180.0529666666666,26.801611842105263,18.92727272727273,0.5500657894736843,40.85417763157894,12.459671052631576,2.043980263157895,98.34763157894736,5,55
2020,1180.0529666666666,26.801611842105263,18.92727272727273,0.5500657894736843,40.85417763157894,12.459671052631576,2.043980263157895,98.34763157894736,5,55
2021,1180.0529666666666,26.801611842105263,18.92727272727273,0.5500657894736843,40.85417763157894,12.459671052631576,2.043980263157895,98.34763157894736,5,55
2022,1180.0529666666666,26.801611842105263,18.92727272727273,0.5500657894736843,40.85417763157894,12.459671052631576,2.043980263157895,98.34763157894736,5,55
2023,1180.0529666666666,26.801611842105263,18.92727272727273,0.5500657894736843,40.85417763157894,12.459671052631576,2.043980263157895,98.34763157894736,5,55
2019,1180.0529666666666,26.801611842105263,18.92727272727273,0.5500657894736843,40.85417763157894,12.459671052631576,2.043980263157895,98.34763157894736,5,57
2020,1180.0529666666666,26.801611842105263,18.92727272727273,0.5500657894736843,40.85417763157894,12.459671052631576,2.043980263157895,98.34763157894736,5,57
2021,1180.0529666666666,26.801611842105263,18.92727272727273,0.5500657894736843,40.85417763157894,12.459671052631576,2.043980263157895,98.34763157894736,5,57
2022,1180.0529666666666,26.801611842105263,18.92727272727273,0.5500657894736843,40.85417763157894,12.459671052631576,2.043980263157895,98.34763157894736,5,57
2023,1180.0529666666666,26.801611842105263,18.92727272727273,0.5500657894736843,40.85417763157894,12.459671052631576,2.043980263157895,98.34763157894736,5,57
2019,1180.0529666666666,26.801611842105263,18.92727272727273,0.5500657894736843,40.85417763157894,12.459671052631576,2.043980263157895,98.34763157894736,5,60
2020,1180.0529666666666,26.801611842105263,18.92727272727273,0.5500657894736843,40.85417763157894,12.459671052631576,2.043980263157895,98.34763157894736,5,60
2021,1180.0529666666666,26.801611842105263,18.92727272727273,0.5500657894736843,40.85417763157894,12.459671052631576,2.043980263157895,98.34763157894736,5,60
2022,1180.0529666666666,26.801611842105263,18.92727272727273,0.5500657894736843,40.85417763157894,12.459671052631576,2.043980263157895,98.34763157894736,5,60
2023,1180.0529666666666,26.801611842105263,18.92727272727273,0.5500657894736843,40.85417763157894,12.459671052631576,2.043980263157895,98.34763157894736,5,60
2019,1180.0529666666666,26.801611842105263,18.92727272727273,0.5500657894736843,40.85417763157894,12.459671052631576,2.043980263157895,98.34763157894736,5,61
2020,1180.0529666666666,26.801611842105263,18.92727272727273,0.5500657894736843,40.85417763157894,12.459671052631576,2.043980263157895,98.34763157894736,5,61
2021,1180.0529666666666,26.801611842105263,18.92727272727273,0.5500657894736843,40.85417763157894,12.459671052631576,2.043980263157895,98.34763157894736,5,61
2022,1180.0529666666666,26.801611842105263,18.92727272727273,0.5500657894736843,40.85417763157894,12.459671052631576,2.043980263157895,98.34763157894736,5,61
2023,1180.0529666666666,26.801611842105263,18.92727272727273,0.5500657894736843,40.85417763157894,12.459671052631576,2.043980263157895,98.34763157894736,5,61
2019,1180.0529666666666,26.801611842105263,18.92727272727273,0.5500657894736843,40.85417763157894,12.459671052631576,2.043980263157895,98.34763157894736,5,62
2020,1180.0529666666666,26.801611842105263,18.92727272727273,0.5500657894736843,40.85417763157894,12.459671052631576,2.043980263157895,98.34763157894736,5,62
2021,1180.0529666666666,26.801611842105263,18.92727272727273,0.5500657894736843,40.85417763157894,12.459671052631576,2.043980263157895,98.34763157894736,5,62
2022,1180.0529666666666,26.801611842105263,18.92727272727273,0.5500657894736843,40.85417763157894,12.459671052631576,2.043980263157895,98.34763157894736,5,62
2023,1180.0529666666666,26.801611842105263,18.92727272727273,0.5500657894736843,40.85417763157894,12.459671052631576,2.043980263157895,98.34763157894736,5,62
2019,1180.0529666666666,26.801611842105263,18.92727272727273,0.5500657894736843,40.85417763157894,12.459671052631576,2.043980263157895,98.34763157894736,5,67
2020,1180.0529666666666,26.801611842105263,18.92727272727273,0.5500657894736843,40.85417763157894,12.459671052631576,2.043980263157895,98.34763157894736,5,67
2021,1180.0529666666666,26.801611842105263,18.92727272727273,0.5500657894736843,40.85417763157894,12.459671052631576,2.043980263157895,98.34763157894736,5,67
2022,1180.0529666666666,26.801611842105263,18.92727272727273,0.5500657894736843,40.85417763157894,12.459671052631576,2.043980263157895,98.34763157894736,5,67
2023,1180.0529666666666,26.801611842105263,18.92727272727273,0.5500657894736843,40.85417763157894,12.459671052631576,2.043980263157895,98.34763157894736,5,67
2019,1180.0529666666666,26.801611842105263,18.92727272727273,0.5500657894736843,40.85417763157894,12.459671052631576,2.043980263157895,98.34763157894736,5,68
2020,1180.0529666666666,26.801611842105263,18.92727272727273,0.5500657894736843,40.85417763157894,12.459671052631576,2.043980263157895,98.34763157894736,5,68
2021,1180.0529666666666,26.801611842105263,18.92727272727273,0.5500657894736843,40.85417763157894,12.459671052631576,2.043980263157895,98.34763157894736,5,68
2022,1180.0529666666666,26.801611842105263,18.92727272727273,0.5500657894736843,40.85417763157894,12.459671052631576,2.043980263157895,98.34763157894736,5,68
2023,1180.0529666666666,26.801611842105263,18.92727272727273,0.5500657894736843,40.85417763157894,12.459671052631576,2.043980263157895,98.34763157894736,5,68
2019,1180.0529666666666,26.801611842105263,18.92727272727273,0.5500657894736843,40.85417763157894,12.459671052631576,2.043980263157895,98.34763157894736,5,70
2020,1180.0529666666666,26.801611842105263,18.92727272727273,0.5500657894736843,40.85417763157894,12.459671052631576,2.043980263157895,98.34763157894736,5,70
2021,1180.0529666666666,26.801611842105263,18.92727272727273,0.5500657894736843,40.85417763157894,12.459671052631576,2.043980263157895,98.34763157894736,5,70
2022,1180.0529666666666,26.801611842105263,18.92727272727273,0.5500657894736843,40.85417763157894,12.459671052631576,2.043980263157895,98.34763157894736,5,70
2023,1180.0529666666666,26.801611842105263,18.92727272727273,0.5500657894736843,40.85417763157894,12.459671052631576,2.043980263157895,98.34763157894736,5,70
2019,1180.0529666666666,26.801611842105263,18.92727272727273,0.5500657894736843,40.85417763157894,12.459671052631576,2.043980263157895,98.34763157894736,5,71
2020,1180.0529666666666,26.801611842105263,18.92727272727273,0.5500657894736843,40.85417763157894,12.459671052631576,2.043980263157895,98.34763157894736,5,71
2021,1180.0529666666666,26.801611842105263,18.92727272727273,0.5500657894736843,40.85417763157894,12.459671052631576,2.043980263157895,98.34763157894736,5,71
2022,1180.0529666666666,26.801611842105263,18.92727272727273,0.5500657894736843,40.85417763157894,12.459671052631576,2.043980263157895,98.34763157894736,5,71
2023,1180.0529666666666,26.801611842105263,18.92727272727273,0.5500657894736843,40.85417763157894,12.459671052631576,2.043980263157895,98.34763157894736,5,71
2019,1180.0529666666666,26.801611842105263,18.92727272727273,0.5500657894736843,40.85417763157894,12.459671052631576,2.043980263157895,98.34763157894736,5,73
2020,1180.0529666666666,26.801611842105263,18.92727272727273,0.5500657894736843,40.85417763157894,12.459671052631576,2.043980263157895,98.34763157894736,5,73
2021,1180.0529666666666,26.801611842105263,18.92727272727273,0.5500657894736843,40.85417763157894,12.459671052631576,2.043980263157895,98.34763157894736,5,73
2022,1180.0529666666666,26.801611842105263,18.92727272727273,0.5500657894736843,40.85417763157894,12.459671052631576,2.043980263157895,98.34763157894736,5,73
2023,1180.0529666666666,26.801611842105263,18.92727272727273,0.5500657894736843,40.85417763157894,12.459671052631576,2.043980263157895,98.34763157894736,5,73
2019,1180.0529666666666,26.801611842105263,18.92727272727273,0.5500657894736843,40.85417763157894,12.459671052631576,2.043980263157895,98.34763157894736,5,74
2020,1180.0529666666666,26.801611842105263,18.92727272727273,0.5500657894736843,40.85417763157894,12.459671052631576,2.043980263157895,98.34763157894736,5,74
2021,1180.0529666666666,26.801611842105263,18.92727272727273,0.5500657894736843,40.85417763157894,12.459671052631576,2.043980263157895,98.34763157894736,5,74
2022,1180.0529666666666,26.801611842105263,18.92727272727273,0.5500657894736843,40.85417763157894,12.459671052631576,2.043980263157895,98.34763157894736,5,74
2023,1180.0529666666666,26.801611842105263,18.92727272727273,0.5500657894736843,40.85417763157894,12.459671052631576,2.043980263157895,98.34763157894736,5,74
2019,1180.0529666666666,26.801611842105263,18.92727272727273,0.5500657894736843,40.85417763157894,12.459671052631576,2.043980263157895,98.34763157894736,5,75
2020,1180.0529666666666,26.801611842105263,18.92727272727273,0.5500657894736843,40.85417763157894,12.459671052631576,2.043980263157895,98.34763157894736,5,75
2021,1180.0529666666666,26.801611842105263,18.92727272727273,0.5500657894736843,40.85417763157894,12.459671052631576,2.043980263157895,98.34763157894736,5,75
2022,1180.0529666666666,26.801611842105263,18.92727272727273,0.5500657894736843,40.85417763157894,12.459671052631576,2.043980263157895,98.34763157894736,5,75
2023,1180.0529666666666,26.801611842105263,18.92727272727273,0.5500657894736843,40.85417763157894,12.459671052631576,2.043980263157895,98.34763157894736,5,75
2019,1180.0529666666666,26.801611842105263,18.92727272727273,0.5500657894736843,40.85417763157894,12.459671052631576,2.043980263157895,98.34763157894736,5,76
2020,1180.0529666666666,26.801611842105263,18.92727272727273,0.5500657894736843,40.85417763157894,12.459671052631576,2.043980263157895,98.34763157894736,5,76
2021,1180.0529666666666,26.801611842105263,18.92727272727273,0.5500657894736843,40.85417763157894,12.459671052631576,2.043980263157895,98.34763157894736,5,76
2022,1180.0529666666666,26.801611842105263,18.92727272727273,0.5500657894736843,40.85417763157894,12.459671052631576,2.043980263157895,98.34763157894736,5,76
2023,1180.0529666666666,26.801611842105263,18.92727272727273,0.5500657894736843,40.85417763157894,12.459671052631576,2.043980263157895,98.34763157894736,5,76
2019,1180.0529666666666,26.801611842105263,18.92727272727273,0.5500657894736843,40.85417763157894,12.459671052631576,2.043980263157895,98.34763157894736,5,79
2020,1180.0529666666666,26.801611842105263,18.92727272727273,0.5500657894736843,40.85417763157894,12.459671052631576,2.043980263157895,98.34763157894736,5,79
2021,1180.0529666666666,26.801611842105263,18.92727272727273,0.5500657894736843,40.85417763157894,12.459671052631576,2.043980263157895,98.34763157894736,5,79
2022,1180.0529666666666,26.801611842105263,18.92727272727273,0.5500657894736843,40.85417763157894,12.459671052631576,2.043980263157895,98.34763157894736,5,79
2023,1180.0529666666666,26.801611842105263,18.92727272727273,0.5500657894736843,40.85417763157894,12.459671052631576,2.043980263157895,98.34763157894736,5,79
2019,1180.0529666666666,26.801611842105263,18.92727272727273,0.5500657894736843,40.85417763157894,12.459671052631576,2.043980263157895,98.34763157894736,5,80
2020,1180.0529666666666,26.801611842105263,18.92727272727273,0.5500657894736843,40.85417763157894,12.459671052631576,2.043980263157895,98.34763157894736,5,80
2021,1180.0529666666666,26.801611842105263,18.92727272727273,0.5500657894736843,40.85417763157894,12.459671052631576,2.043980263157895,98.34763157894736,5,80
2022,1180.0529666666666,26.801611842105263,18.92727272727273,0.5500657894736843,40.85417763157894,12.459671052631576,2.043980263157895,98.34763157894736,5,80
2023,1180.0529666666666,26.801611842105263,18.92727272727273,0.5500657894736843,40.85417763157894,12.459671052631576,2.043980263157895,98.34763157894736,5,80
2019,1180.0529666666666,26.801611842105263,18.92727272727273,0.5500657894736843,40.85417763157894,12.459671052631576,2.043980263157895,98.34763157894736,5,81
2020,1180.0529666666666,26.801611842105263,18.92727272727273,0.5500657894736843,40.85417763157894,12.459671052631576,2.043980263157895,98.34763157894736,5,81
2021,1180.0529666666666,26.801611842105263,18.92727272727273,0.5500657894736843,40.85417763157894,12.459671052631576,2.043980263157895,98.34763157894736,5,81
2022,1180.0529666666666,26.801611842105263,18.92727272727273,0.5500657894736843,40.85417763157894,12.459671052631576,2.043980263157895,98.34763157894736,5,81
2023,1180.0529666666666,26.801611842105263,18.92727272727273,0.5500657894736843,40.85417763157894,12.459671052631576,2.043980263157895,98.34763157894736,5,81
2019,1180.0529666666666,26.801611842105263,18.92727272727273,0.5500657894736843,40.85417763157894,12.459671052631576,2.043980263157895,98.34763157894736,5,82
2020,1180.0529666666666,26.801611842105263,18.92727272727273,0.5500657894736843,40.85417763157894,12.459671052631576,2.043980263157895,98.34763157894736,5,82
2021,1180.0529666666666,26.801611842105263,18.92727272727273,0.5500657894736843,40.85417763157894,12.459671052631576,2.043980263157895,98.34763157894736,5,82
2022,1180.0529666666666,26.801611842105263,18.92727272727273,0.5500657894736843,40.85417763157894,12.459671052631576,2.043980263157895,98.34763157894736,5,82
2023,1180.0529666666666,26.801611842105263,18.92727272727273,0.5500657894736843,40.85417763157894,12.459671052631576,2.043980263157895,98.34763157894736,5,82
2019,1180.0529666666666,26.801611842105263,18.92727272727273,0.5500657894736843,40.85417763157894,12.459671052631576,2.043980263157895,98.34763157894736,5,84
2020,1180.0529666666666,26.801611842105263,18.92727272727273,0.5500657894736843,40.85417763157894,12.459671052631576,2.043980263157895,98.34763157894736,5,84
2021,1180.0529666666666,26.801611842105263,18.92727272727273,0.5500657894736843,40.85417763157894,12.459671052631576,2.043980263157895,98.34763157894736,5,84
2022,1180.0529666666666,26.801611842105263,18.92727272727273,0.5500657894736843,40.85417763157894,12.459671052631576,2.043980263157895,98.34763157894736,5,84
2023,1180.0529666666666,26.801611842105263,18.92727272727273,0.5500657894736843,40.85417763157894,12.459671052631576,2.043980263157895,98.34763157894736,5,84
2019,1180.0529666666666,26.801611842105263,18.92727272727273,0.5500657894736843,40.85417763157894,12.459671052631576,2.043980263157895,98.34763157894736,5,85
2020,1180.0529666666666,26.801611842105263,18.92727272727273,0.5500657894736843,40.85417763157894,12.459671052631576,2.043980263157895,98.34763157894736,5,85
2021,1180.0529666666666,26.801611842105263,18.92727272727273,0.5500657894736843,40.85417763157894,12.459671052631576,2.043980263157895,98.34763157894736,5,85
2022,1180.0529666666666,26.801611842105263,18.92727272727273,0.5500657894736843,40.85417763157894,12.459671052631576,2.043980263157895,98.34763157894736,5,85
2023,1180.0529666666666,26.801611842105263,18.92727272727273,0.5500657894736843,40.85417763157894,12.459671052631576,2.043980263157895,98.34763157894736,5,85
2019,1180.0529666666666,26.801611842105263,18.92727272727273,0.5500657894736843,40.85417763157894,12.459671052631576,2.043980263157895,98.34763157894736,5,87
2020,1180.0529666666666,26.801611842105263,18.92727272727273,0.5500657894736843,40.85417763157894,12.459671052631576,2.043980263157895,98.34763157894736,5,87
2021,1180.0529666666666,26.801611842105263,18.92727272727273,0.5500657894736843,40.85417763157894,12.459671052631576,2.043980263157895,98.34763157894736,5,87
2022,1180.0529666666666,26.801611842105263,18.92727272727273,0.5500657894736843,40.85417763157894,12.459671052631576,2.043980263157895,98.34763157894736,5,87
2023,1180.0529666666666,26.801611842105263,18.92727272727273,0.5500657894736843,40.85417763157894,12.459671052631576,2.043980263157895,98.34763157894736,5,87
2019,1180.0529666666666,26.801611842105263,18.92727272727273,0.5500657894736843,40.85417763157894,12.459671052631576,2.043980263157895,98.34763157894736,5,90
2020,1180.0529666666666,26.801611842105263,18.92727272727273,0.5500657894736843,40.85417763157894,12.459671052631576,2.043980263157895,98.34763157894736,5,90
2021,1180.0529666666666,26.801611842105263,18.92727272727273,0.5500657894736843,40.85417763157894,12.459671052631576,2.043980263157895,98.34763157894736,5,90
2022,1180.0529666666666,26.801611842105263,18.92727272727273,0.5500657894736843,40.85417763157894,12.459671052631576,2.043980263157895,98.34763157894736,5,90
2023,1180.0529666666666,26.801611842105263,18.92727272727273,0.5500657894736843,40.85417763157894,12.459671052631576,2.043980263157895,98.34763157894736,5,90
2019,1180.0529666666666,26.801611842105263,18.92727272727273,0.5500657894736843,40.85417763157894,12.459671052631576,2.043980263157895,98.34763157894736,5,91
2020,1180.0529666666666,26.801611842105263,18.92727272727273,0.5500657894736843,40.85417763157894,12.459671052631576,2.043980263157895,98.34763157894736,5,91
2021,1180.0529666666666,26.801611842105263,18.92727272727273,0.5500657894736843,40.85417763157894,12.459671052631576,2.043980263157895,98.34763157894736,5,91
2022,1180.0529666666666,26.801611842105263,18.92727272727273,0.5500657894736843,40.85417763157894,12.459671052631576,2.043980263157895,98.34763157894736,5,91
2023,1180.0529666666666,26.801611842105263,18.92727272727273,0.5500657894736843,40.85417763157894,12.459671052631576,2.043980263157895,98.34763157894736,5,91
2019,1180.0529666666666,26.801611842105263,18.92727272727273,0.5500657894736843,40.85417763157894,12.459671052631576,2.043980263157895,98.34763157894736,5,92
2020,1180.0529666666666,26.801611842105263,18.92727272727273,0.5500657894736843,40.85417763157894,12.459671052631576,2.043980263157895,98.34763157894736,5,92
2021,1180.0529666666666,26.801611842105263,18.92727272727273,0.5500657894736843,40.85417763157894,12.459671052631576,2.043980263157895,98.34763157894736,5,92
2022,1180.0529666666666,26.801611842105263,18.92727272727273,0.5500657894736843,40.85417763157894,12.459671052631576,2.043980263157895,98.34763157894736,5,92
2023,1180.0529666666666,26.801611842105263,18.92727272727273,0.5500657894736843,40.85417763157894,12.459671052631576,2.043980263157895,98.34763157894736,5,92
2019,1180.0529666666666,26.801611842105263,18.92727272727273,0.5500657894736843,40.85417763157894,12.459671052631576,2.043980263157895,98.34763157894736,5,13
2020,1180.0529666666666,26.801611842105263,18.92727272727273,0.5500657894736843,40.85417763157894,12.459671052631576,2.043980263157895,98.34763157894736,5,13
2021,1180.0529666666666,26.801611842105263,18.92727272727273,0.5500657894736843,40.85417763157894,12.459671052631576,2.043980263157895,98.34763157894736,5,13
2022,1180.0529666666666,26.801611842105263,18.92727272727273,0.5500657894736843,40.85417763157894,12.459671052631576,2.043980263157895,98.34763157894736,5,13
2023,1180.0529666666666,26.801611842105263,18.92727272727273,0.5500657894736843,40.85417763157894,12.459671052631576,2.043980263157895,98.34763157894736,5,13
2019,1180.0529666666666,26.801611842105263,18.92727272727273,0.5500657894736843,40.85417763157894,12.459671052631576,2.043980263157895,98.34763157894736,5,17
2020,1180.0529666666666,26.801611842105263,18.92727272727273,0.5500657894736843,40.85417763157894,12.459671052631576,2.043980263157895,98.34763157894736,5,17
2021,1180.0529666666666,26.801611842105263,18.92727272727273,0.5500657894736843,40.85417763157894,12.459671052631576,2.043980263157895,98.34763157894736,5,17
2022,1180.0529666666666,26.801611842105263,18.92727272727273,0.5500657894736843,40.85417763157894,12.459671052631576,2.043980263157895,98.34763157894736,5,17
2023,1180.0529666666666,26.801611842105263,18.92727272727273,0.5500657894736843,40.85417763157894,12.459671052631576,2.043980263157895,98.34763157894736,5,17
2019,1180.0529666666666,26.801611842105263,18.92727272727273,0.5500657894736843,40.85417763157894,12.459671052631576,2.043980263157895,98.34763157894736,5,26
2020,1180.0529666666666,26.801611842105263,18.92727272727273,0.5500657894736843,40.85417763157894,12.459671052631576,2.043980263157895,98.34763157894736,5,26
2021,1180.0529666666666,26.801611842105263,18.92727272727273,0.5500657894736843,40.85417763157894,12.459671052631576,2.043980263157895,98.34763157894736,5,26
2022,1180.0529666666666,26.801611842105263,18.92727272727273,0.5500657894736843,40.85417763157894,12.459671052631576,2.043980263157895,98.34763157894736,5,26
2023,1180.0529666666666,26.801611842105263,18.92727272727273,0.5500657894736843,40.85417763157894,12.459671052631576,2.043980263157895,98.34763157894736,5,26
2019,1180.0529666666666,26.801611842105263,18.92727272727273,0.5500657894736843,40.85417763157894,12.459671052631576,2.043980263157895,98.34763157894736,5,28
2020,1180.0529666666666,26.801611842105263,18.92727272727273,0.5500657894736843,40.85417763157894,12.459671052631576,2.043980263157895,98.34763157894736,5,28
2021,1180.0529666666666,26.801611842105263,18.92727272727273,0.5500657894736843,40.85417763157894,12.459671052631576,2.043980263157895,98.34763157894736,5,28
2022,1180.0529666666666,26.801611842105263,18.92727272727273,0.5500657894736843,40.85417763157894,12.459671052631576,2.043980263157895,98.34763157894736,5,28
2023,1180.0529666666666,26.801611842105263,18.92727272727273,0.5500657894736843,40.85417763157894,12.459671052631576,2.043980263157895,98.34763157894736,5,28
2019,1180.0529666666666,26.801611842105263,18.92727272727273,0.5500657894736843,40.85417763157894,12.459671052631576,2.043980263157895,98.34763157894736,5,46
2020,1180.0529666666666,26.801611842105263,18.92727272727273,0.5500657894736843,40.85417763157894,12.459671052631576,2.043980263157895,98.34763157894736,5,46
2021,1180.0529666666666,26.801611842105263,18.92727272727273,0.5500657894736843,40.85417763157894,12.459671052631576,2.043980263157895,98.34763157894736,5,46
2022,1180.0529666666666,26.801611842105263,18.92727272727273,0.5500657894736843,40.85417763157894,12.459671052631576,2.043980263157895,98.34763157894736,5,46
2023,1180.0529666666666,26.801611842105263,18.92727272727273,0.5500657894736843,40.85417763157894,12.459671052631576,2.043980263157895,98.34763157894736,5,46
2019,1180.0529666666666,26.801611842105263,18.92727272727273,0.5500657894736843,40.85417763157894,12.459671052631576,2.043980263157895,98.34763157894736,5,47
2020,1180.0529666666666,26.801611842105263,18.92727272727273,0.5500657894736843,40.85417763157894,12.459671052631576,2.043980263157895,98.34763157894736,5,47
2021,1180.0529666666666,26.801611842105263,18.92727272727273,0.5500657894736843,40.85417763157894,12.459671052631576,2.043980263157895,98.34763157894736,5,47
2022,1180.0529666666666,26.801611842105263,18.92727272727273,0.5500657894736843,40.85417763157894,12.459671052631576,2.043980263157895,98.34763157894736,5,47
2023,1180.0529666666666,26.801611842105263,18.92727272727273,0.5500657894736843,40.85417763157894,12.459671052631576,2.043980263157895,98.34763157894736,5,47
2019,1180.0529666666666,26.801611842105263,18.92727272727273,0.5500657894736843,40.85417763157894,12.459671052631576,2.043980263157895,98.34763157894736,5,69
2020,1180.0529666666666,26.801611842105263,18.92727272727273,0.5500657894736843,40.85417763157894,12.459671052631576,2.043980263157895,98.34763157894736,5,69
2021,1180.0529666666666,26.801611842105263,18.92727272727273,0.5500657894736843,40.85417763157894,12.459671052631576,2.043980263157895,98.34763157894736,5,69
2022,1180.0529666666666,26.801611842105263,18.92727272727273,0.5500657894736843,40.85417763157894,12.459671052631576,2.043980263157895,98.34763157894736,5,69
2023,1180.0529666666666,26.801611842105263,18.92727272727273,0.5500657894736843,40.85417763157894,12.459671052631576,2.043980263157895,98.34763157894736,5,69
2019,1180.0529666666666,26.801611842105263,18.92727272727273,0.5500657894736843,40.85417763157894,12.459671052631576,2.043980263157895,98.34763157894736,5,72
2020,1180.0529666666666,26.801611842105263,18.92727272727273,0.5500657894736843,40.85417763157894,12.459671052631576,2.043980263157895,98.34763157894736,5,72
2021,1180.0529666666666,26.801611842105263,18.92727272727273,0.5500657894736843,40.85417763157894,12.459671052631576,2.043980263157895,98.34763157894736,5,72
2022,1180.0529666666666,26.801611842105263,18.92727272727273,0.5500657894736843,40.85417763157894,12.459671052631576,2.043980263157895,98.34763157894736,5,72
2023,1180.0529666666666,26.801611842105263,18.92727272727273,0.5500657894736843,40.85417763157894,12.459671052631576,2.043980263157895,98.34763157894736,5,72
2019,1180.0529666666666,26.801611842105263,18.92727272727273,0.5500657894736843,40.85417763157894,12.459671052631576,2.043980263157895,98.34763157894736,5,78
2020,1180.0529666666666,26.801611842105263,18.92727272727273,0.5500657894736843,40.85417763157894,12.459671052631576,2.043980263157895,98.34763157894736,5,78
2021,1180.0529666666666,26.801611842105263,18.92727272727273,0.5500657894736843,40.85417763157894,12.459671052631576,2.043980263157895,98.34763157894736,5,78
2022,1180.0529666666666,26.801611842105263,18.92727272727273,0.5500657894736843,40.85417763157894,12.459671052631576,2.043980263157895,98.34763157894736,5,78
2023,1180.0529666666666,26.801611842105263,18.92727272727273,0.5500657894736843,40.85417763157894,12.459671052631576,2.043980263157895,98.34763157894736,5,78
2019,1180.0529666666666,26.801611842105263,18.92727272727273,0.5500657894736843,40.85417763157894,12.459671052631576,2.043980263157895,98.34763157894736,5,86
2020,1180.0529666666666,26.801611842105263,18.92727272727273,0.5500657894736843,40.85417763157894,12.459671052631576,2.043980263157895,98.34763157894736,5,86
2021,1180.0529666666666,26.801611842105263,18.92727272727273,0.5500657894736843,40.85417763157894,12.459671052631576,2.043980263157895,98.34763157894736,5,86
2022,1180.0529666666666,26.801611842105263,18.92727272727273,0.5500657894736843,40.85417763157894,12.459671052631576,2.043980263157895,98.34763157894736,5,86
2023,1180.0529666666666,26.801611842105263,18.92727272727273,0.5500657894736843,40.85417763157894,12.459671052631576,2.043980263157895,98.34763157894736,5,86
2019,1180.0529666666666,26.801611842105263,18.92727272727273,0.5500657894736843,40.85417763157894,12.459671052631576,2.043980263157895,98.34763157894736,5,88
2020,1180.0529666666666,26.801611842105263,18.92727272727273,0.5500657894736843,40.85417763157894,12.459671052631576,2.043980263157895,98.34763157894736,5,88
2021,1180.0529666666666,26.801611842105263,18.92727272727273,0.5500657894736843,40.85417763157894,12.459671052631576,2.043980263157895,98.34763157894736,5,88
2022,1180.0529666666666,26.801611842105263,18.92727272727273,0.5500657894736843,40.85417763157894,12.459671052631576,2.043980263157895,98.34763157894736,5,88
2023,1180.0529666666666,26.801611842105263,18.92727272727273,0.5500657894736843,40.85417763157894,12.459671052631576,2.043980263157895,98.34763157894736,5,88
2019,1180.0529666666666,26.801611842105263,18.92727272727273,0.5500657894736843,40.85417763157894,12.459671052631576,2.043980263157895,98.34763157894736,6,3
2020,1180.0529666666666,26.801611842105263,18.92727272727273,0.5500657894736843,40.85417763157894,12.459671052631576,2.043980263157895,98.34763157894736,6,3
2021,1180.0529666666666,26.801611842105263,18.92727272727273,0.5500657894736843,40.85417763157894,12.459671052631576,2.043980263157895,98.34763157894736,6,3
2022,1180.0529666666666,26.801611842105263,18.92727272727273,0.5500657894736843,40.85417763157894,12.459671052631576,2.043980263157895,98.34763157894736,6,3
2023,1180.0529666666666,26.801611842105263,18.92727272727273,0.5500657894736843,40.85417763157894,12.459671052631576,2.043980263157895,98.34763157894736,6,3
2019,1180.0529666666666,26.801611842105263,18.92727272727273,0.5500657894736843,40.85417763157894,12.459671052631576,2.043980263157895,98.34763157894736,6,5
2020,1180.0529666666666,26.801611842105263,18.92727272727273,0.5500657894736843,40.85417763157894,12.459671052631576,2.043980263157895,98.34763157894736,6,5
2021,1180.0529666666666,26.801611842105263,18.92727272727273,0.5500657894736843,40.85417763157894,12.459671052631576,2.043980263157895,98.34763157894736,6,5
2022,1180.0529666666666,26.801611842105263,18.92727272727273,0.5500657894736843,40.85417763157894,12.459671052631576,2.043980263157895,98.34763157894736,6,5
2023,1180.0529666666666,26.801611842105263,18.92727272727273,0.5500657894736843,40.85417763157894,12.459671052631576,2.043980263157895,98.34763157894736,6,5
2019,1180.0529666666666,26.801611842105263,18.92727272727273,0.5500657894736843,40.85417763157894,12.459671052631576,2.043980263157895,98.34763157894736,6,6
2020,1180.0529666666666,26.801611842105263,18.92727272727273,0.5500657894736843,40.85417763157894,12.459671052631576,2.043980263157895,98.34763157894736,6,6
2021,1180.0529666666666,26.801611842105263,18.92727272727273,0.5500657894736843,40.85417763157894,12.459671052631576,2.043980263157895,98.34763157894736,6,6
2022,1180.0529666666666,26.801611842105263,18.92727272727273,0.5500657894736843,40.85417763157894,12.459671052631576,2.043980263157895,98.34763157894736,6,6
2023,1180.0529666666666,26.801611842105263,18.92727272727273,0.5500657894736843,40.85417763157894,12.459671052631576,2.043980263157895,98.34763157894736,6,6
2019,1180.0529666666666,26.801611842105263,18.92727272727273,0.5500657894736843,40.85417763157894,12.459671052631576,2.043980263157895,98.34763157894736,6,7
2020,1180.0529666666666,26.801611842105263,18.92727272727273,0.5500657894736843,40.85417763157894,12.459671052631576,2.043980263157895,98.34763157894736,6,7
2021,1180.0529666666666,26.801611842105263,18.92727272727273,0.5500657894736843,40.85417763157894,12.459671052631576,2.043980263157895,98.34763157894736,6,7
2022,1180.0529666666666,26.801611842105263,18.92727272727273,0.5500657894736843,40.85417763157894,12.459671052631576,2.043980263157895,98.34763157894736,6,7
2023,1180.0529666666666,26.801611842105263,18.92727272727273,0.5500657894736843,40.85417763157894,12.459671052631576,2.043980263157895,98.34763157894736,6,7
2019,1180.0529666666666,26.801611842105263,18.92727272727273,0.5500657894736843,40.85417763157894,12.459671052631576,2.043980263157895,98.34763157894736,6,8
2020,1180.0529666666666,26.801611842105263,18.92727272727273,0.5500657894736843,40.85417763157894,12.459671052631576,2.043980263157895,98.34763157894736,6,8
2021,1180.0529666666666,26.801611842105263,18.92727272727273,0.5500657894736843,40.85417763157894,12.459671052631576,2.043980263157895,98.34763157894736,6,8
2022,1180.0529666666666,26.801611842105263,18.92727272727273,0.5500657894736843,40.85417763157894,12.459671052631576,2.043980263157895,98.34763157894736,6,8
2023,1180.0529666666666,26.801611842105263,18.92727272727273,0.5500657894736843,40.85417763157894,12.459671052631576,2.043980263157895,98.34763157894736,6,8
2019,1180.0529666666666,26.801611842105263,18.92727272727273,0.5500657894736843,40.85417763157894,12.459671052631576,2.043980263157895,98.34763157894736,6,10
2020,1180.0529666666666,26.801611842105263,18.92727272727273,0.5500657894736843,40.85417763157894,12.459671052631576,2.043980263157895,98.34763157894736,6,10
2021,1180.0529666666666,26.801611842105263,18.92727272727273,0.5500657894736843,40.85417763157894,12.459671052631576,2.043980263157895,98.34763157894736,6,10
2022,1180.0529666666666,26.801611842105263,18.92727272727273,0.5500657894736843,40.85417763157894,12.459671052631576,2.043980263157895,98.34763157894736,6,10
2023,1180.0529666666666,26.801611842105263,18.92727272727273,0.5500657894736843,40.85417763157894,12.459671052631576,2.043980263157895,98.34763157894736,6,10
2019,1180.0529666666666,26.801611842105263,18.92727272727273,0.5500657894736843,40.85417763157894,12.459671052631576,2.043980263157895,98.34763157894736,6,15
2020,1180.0529666666666,26.801611842105263,18.92727272727273,0.5500657894736843,40.85417763157894,12.459671052631576,2.043980263157895,98.34763157894736,6,15
2021,1180.0529666666666,26.801611842105263,18.92727272727273,0.5500657894736843,40.85417763157894,12.459671052631576,2.043980263157895,98.34763157894736,6,15
2022,1180.0529666666666,26.801611842105263,18.92727272727273,0.5500657894736843,40.85417763157894,12.459671052631576,2.043980263157895,98.34763157894736,6,15
2023,1180.0529666666666,26.801611842105263,18.92727272727273,0.5500657894736843,40.85417763157894,12.459671052631576,2.043980263157895,98.34763157894736,6,15
2019,1180.0529666666666,26.801611842105263,18.92727272727273,0.5500657894736843,40.85417763157894,12.459671052631576,2.043980263157895,98.34763157894736,6,19
2020,1180.0529666666666,26.801611842105263,18.92727272727273,0.5500657894736843,40.85417763157894,12.459671052631576,2.043980263157895,98.34763157894736,6,19
2021,1180.0529666666666,26.801611842105263,18.92727272727273,0.5500657894736843,40.85417763157894,12.459671052631576,2.043980263157895,98.34763157894736,6,19
2022,1180.0529666666666,26.801611842105263,18.92727272727273,0.5500657894736843,40.85417763157894,12.459671052631576,2.043980263157895,98.34763157894736,6,19
2023,1180.0529666666666,26.801611842105263,18.92727272727273,0.5500657894736843,40.85417763157894,12.459671052631576,2.043980263157895,98.34763157894736,6,19
2019,1180.0529666666666,26.801611842105263,18.92727272727273,0.5500657894736843,40.85417763157894,12.459671052631576,2.043980263157895,98.34763157894736,6,21
2020,1180.0529666666666,26.801611842105263,18.92727272727273,0.5500657894736843,40.85417763157894,12.459671052631576,2.043980263157895,98.34763157894736,6,21
2021,1180.0529666666666,26.801611842105263,18.92727272727273,0.5500657894736843,40.85417763157894,12.459671052631576,2.043980263157895,98.34763157894736,6,21
2022,1180.0529666666666,26.801611842105263,18.92727272727273,0.5500657894736843,40.85417763157894,12.459671052631576,2.043980263157895,98.34763157894736,6,21
2023,1180.0529666666666,26.801611842105263,18.92727272727273,0.5500657894736843,40.85417763157894,12.459671052631576,2.043980263157895,98.34763157894736,6,21
2019,1180.0529666666666,26.801611842105263,18.92727272727273,0.5500657894736843,40.85417763157894,12.459671052631576,2.043980263157895,98.34763157894736,6,25
2020,1180.0529666666666,26.801611842105263,18.92727272727273,0.5500657894736843,40.85417763157894,12.459671052631576,2.043980263157895,98.34763157894736,6,25
2021,1180.0529666666666,26.801611842105263,18.92727272727273,0.5500657894736843,40.85417763157894,12.459671052631576,2.043980263157895,98.34763157894736,6,25
2022,1180.0529666666666,26.801611842105263,18.92727272727273,0.5500657894736843,40.85417763157894,12.459671052631576,2.043980263157895,98.34763157894736,6,25
2023,1180.0529666666666,26.801611842105263,18.92727272727273,0.5500657894736843,40.85417763157894,12.459671052631576,2.043980263157895,98.34763157894736,6,25
2019,1180.0529666666666,26.801611842105263,18.92727272727273,0.5500657894736843,40.85417763157894,12.459671052631576,2.043980263157895,98.34763157894736,6,27
2020,1180.0529666666666,26.801611842105263,18.92727272727273,0.5500657894736843,40.85417763157894,12.459671052631576,2.043980263157895,98.34763157894736,6,27
2021,1180.0529666666666,26.801611842105263,18.92727272727273,0.5500657894736843,40.85417763157894,12.459671052631576,2.043980263157895,98.34763157894736,6,27
2022,1180.0529666666666,26.801611842105263,18.92727272727273,0.5500657894736843,40.85417763157894,12.459671052631576,2.043980263157895,98.34763157894736,6,27
2023,1180.0529666666666,26.801611842105263,18.92727272727273,0.5500657894736843,40.85417763157894,12.459671052631576,2.043980263157895,98.34763157894736,6,27
2019,1180.0529666666666,26.801611842105263,18.92727272727273,0.5500657894736843,40.85417763157894,12.459671052631576,2.043980263157895,98.34763157894736,6,32
2020,1180.0529666666666,26.801611842105263,18.92727272727273,0.5500657894736843,40.85417763157894,12.459671052631576,2.043980263157895,98.34763157894736,6,32
2021,1180.0529666666666,26.801611842105263,18.92727272727273,0.5500657894736843,40.85417763157894,12.459671052631576,2.043980263157895,98.34763157894736,6,32
2022,1180.0529666666666,26.801611842105263,18.92727272727273,0.5500657894736843,40.85417763157894,12.459671052631576,2.043980263157895,98.34763157894736,6,32
2023,1180.0529666666666,26.801611842105263,18.92727272727273,0.5500657894736843,40.85417763157894,12.459671052631576,2.043980263157895,98.34763157894736,6,32
2019,1180.0529666666666,26.801611842105263,18.92727272727273,0.5500657894736843,40.85417763157894,12.459671052631576,2.043980263157895,98.34763157894736,6,38
2020,1180.0529666666666,26.801611842105263,18.92727272727273,0.5500657894736843,40.85417763157894,12.459671052631576,2.043980263157895,98.34763157894736,6,38
2021,1180.0529666666666,26.801611842105263,18.92727272727273,0.5500657894736843,40.85417763157894,12.459671052631576,2.043980263157895,98.34763157894736,6,38
2022,1180.0529666666666,26.801611842105263,18.92727272727273,0.5500657894736843,40.85417763157894,12.459671052631576,2.043980263157895,98.34763157894736,6,38
2023,1180.0529666666666,26.801611842105263,18.92727272727273,0.5500657894736843,40.85417763157894,12.459671052631576,2.043980263157895,98.34763157894736,6,38
2019,1180.0529666666666,26.801611842105263,18.92727272727273,0.5500657894736843,40.85417763157894,12.459671052631576,2.043980263157895,98.34763157894736,6,39
2020,1180.0529666666666,26.801611842105263,18.92727272727273,0.5500657894736843,40.85417763157894,12.459671052631576,2.043980263157895,98.34763157894736,6,39
2021,1180.0529666666666,26.801611842105263,18.92727272727273,0.5500657894736843,40.85417763157894,12.459671052631576,2.043980263157895,98.34763157894736,6,39
2022,1180.0529666666666,26.801611842105263,18.92727272727273,0.5500657894736843,40.85417763157894,12.459671052631576,2.043980263157895,98.34763157894736,6,39
2023,1180.0529666666666,26.801611842105263,18.92727272727273,0.5500657894736843,40.85417763157894,12.459671052631576,2.043980263157895,98.34763157894736,6,39
2019,1180.0529666666666,26.801611842105263,18.92727272727273,0.5500657894736843,40.85417763157894,12.459671052631576,2.043980263157895,98.34763157894736,6,40
2020,1180.0529666666666,26.801611842105263,18.92727272727273,0.5500657894736843,40.85417763157894,12.459671052631576,2.043980263157895,98.34763157894736,6,40
2021,1180.0529666666666,26.801611842105263,18.92727272727273,0.5500657894736843,40.85417763157894,12.459671052631576,2.043980263157895,98.34763157894736,6,40
2022,1180.0529666666666,26.801611842105263,18.92727272727273,0.5500657894736843,40.85417763157894,12.459671052631576,2.043980263157895,98.34763157894736,6,40
2023,1180.0529666666666,26.801611842105263,18.92727272727273,0.5500657894736843,40.85417763157894,12.459671052631576,2.043980263157895,98.34763157894736,6,40
2019,1180.0529666666666,26.801611842105263,18.92727272727273,0.5500657894736843,40.85417763157894,12.459671052631576,2.043980263157895,98.34763157894736,6,41
2020,1180.0529666666666,26.801611842105263,18.92727272727273,0.5500657894736843,40.85417763157894,12.459671052631576,2.043980263157895,98.34763157894736,6,41
2021,1180.0529666666666,26.801611842105263,18.92727272727273,0.5500657894736843,40.85417763157894,12.459671052631576,2.043980263157895,98.34763157894736,6,41
2022,1180.0529666666666,26.801611842105263,18.92727272727273,0.5500657894736843,40.85417763157894,12.459671052631576,2.043980263157895,98.34763157894736,6,41
2023,1180.0529666666666,26.801611842105263,18.92727272727273,0.5500657894736843,40.85417763157894,12.459671052631576,2.043980263157895,98.34763157894736,6,41
2019,1180.0529666666666,26.801611842105263,18.92727272727273,0.5500657894736843,40.85417763157894,12.459671052631576,2.043980263157895,98.34763157894736,6,45
2020,1180.0529666666666,26.801611842105263,18.92727272727273,0.5500657894736843,40.85417763157894,12.459671052631576,2.043980263157895,98.34763157894736,6,45
2021,1180.0529666666666,26.801611842105263,18.92727272727273,0.5500657894736843,40.85417763157894,12.459671052631576,2.043980263157895,98.34763157894736,6,45
2022,1180.0529666666666,26.801611842105263,18.92727272727273,0.5500657894736843,40.85417763157894,12.459671052631576,2.043980263157895,98.34763157894736,6,45
2023,1180.0529666666666,26.801611842105263,18.92727272727273,0.5500657894736843,40.85417763157894,12.459671052631576,2.043980263157895,98.34763157894736,6,45
2019,1180.0529666666666,26.801611842105263,18.92727272727273,0.5500657894736843,40.85417763157894,12.459671052631576,2.043980263157895,98.34763157894736,6,48
2020,1180.0529666666666,26.801611842105263,18.92727272727273,0.5500657894736843,40.85417763157894,12.459671052631576,2.043980263157895,98.34763157894736,6,48
2021,1180.0529666666666,26.801611842105263,18.92727272727273,0.5500657894736843,40.85417763157894,12.459671052631576,2.043980263157895,98.34763157894736,6,48
2022,1180.0529666666666,26.801611842105263,18.92727272727273,0.5500657894736843,40.85417763157894,12.459671052631576,2.043980263157895,98.34763157894736,6,48
2023,1180.0529666666666,26.801611842105263,18.92727272727273,0.5500657894736843,40.85417763157894,12.459671052631576,2.043980263157895,98.34763157894736,6,48
2019,1180.0529666666666,26.801611842105263,18.92727272727273,0.5500657894736843,40.85417763157894,12.459671052631576,2.043980263157895,98.34763157894736,6,49
2020,1180.0529666666666,26.801611842105263,18.92727272727273,0.5500657894736843,40.85417763157894,12.459671052631576,2.043980263157895,98.34763157894736,6,49
2021,1180.0529666666666,26.801611842105263,18.92727272727273,0.5500657894736843,40.85417763157894,12.459671052631576,2.043980263157895,98.34763157894736,6,49
2022,1180.0529666666666,26.801611842105263,18.92727272727273,0.5500657894736843,40.85417763157894,12.459671052631576,2.043980263157895,98.34763157894736,6,49
2023,1180.0529666666666,26.801611842105263,18.92727272727273,0.5500657894736843,40.85417763157894,12.459671052631576,2.043980263157895,98.34763157894736,6,49
2019,1180.0529666666666,26.801611842105263,18.92727272727273,0.5500657894736843,40.85417763157894,12.459671052631576,2.043980263157895,98.34763157894736,6,51
2020,1180.0529666666666,26.801611842105263,18.92727272727273,0.5500657894736843,40.85417763157894,12.459671052631576,2.043980263157895,98.34763157894736,6,51
2021,1180.0529666666666,26.801611842105263,18.92727272727273,0.5500657894736843,40.85417763157894,12.459671052631576,2.043980263157895,98.34763157894736,6,51
2022,1180.0529666666666,26.801611842105263,18.92727272727273,0.5500657894736843,40.85417763157894,12.459671052631576,2.043980263157895,98.34763157894736,6,51
2023,1180.0529666666666,26.801611842105263,18.92727272727273,0.5500657894736843,40.85417763157894,12.459671052631576,2.043980263157895,98.34763157894736,6,51
2019,1180.0529666666666,26.801611842105263,18.92727272727273,0.5500657894736843,40.85417763157894,12.459671052631576,2.043980263157895,98.34763157894736,6,52
2020,1180.0529666666666,26.801611842105263,18.92727272727273,0.5500657894736843,40.85417763157894,12.459671052631576,2.043980263157895,98.34763157894736,6,52
2021,1180.0529666666666,26.801611842105263,18.92727272727273,0.5500657894736843,40.85417763157894,12.459671052631576,2.043980263157895,98.34763157894736,6,52
2022,1180.0529666666666,26.801611842105263,18.92727272727273,0.5500657894736843,40.85417763157894,12.459671052631576,2.043980263157895,98.34763157894736,6,52
2023,1180.0529666666666,26.801611842105263,18.92727272727273,0.5500657894736843,40.85417763157894,12.459671052631576,2.043980263157895,98.34763157894736,6,52
2019,1180.0529666666666,26.801611842105263,18.92727272727273,0.5500657894736843,40.85417763157894,12.459671052631576,2.043980263157895,98.34763157894736,6,54
2020,1180.0529666666666,26.801611842105263,18.92727272727273,0.5500657894736843,40.85417763157894,12.459671052631576,2.043980263157895,98.34763157894736,6,54
2021,1180.0529666666666,26.801611842105263,18.92727272727273,0.5500657894736843,40.85417763157894,12.459671052631576,2.043980263157895,98.34763157894736,6,54
2022,1180.0529666666666,26.801611842105263,18.92727272727273,0.5500657894736843,40.85417763157894,12.459671052631576,2.043980263157895,98.34763157894736,6,54
2023,1180.0529666666666,26.801611842105263,18.92727272727273,0.5500657894736843,40.85417763157894,12.459671052631576,2.043980263157895,98.34763157894736,6,54
2019,1180.0529666666666,26.801611842105263,18.92727272727273,0.5500657894736843,40.85417763157894,12.459671052631576,2.043980263157895,98.34763157894736,6,55
2020,1180.0529666666666,26.801611842105263,18.92727272727273,0.5500657894736843,40.85417763157894,12.459671052631576,2.043980263157895,98.34763157894736,6,55
2021,1180.0529666666666,26.801611842105263,18.92727272727273,0.5500657894736843,40.85417763157894,12.459671052631576,2.043980263157895,98.34763157894736,6,55
2022,1180.0529666666666,26.801611842105263,18.92727272727273,0.5500657894736843,40.85417763157894,12.459671052631576,2.043980263157895,98.34763157894736,6,55
2023,1180.0529666666666,26.801611842105263,18.92727272727273,0.5500657894736843,40.85417763157894,12.459671052631576,2.043980263157895,98.34763157894736,6,55
2019,1180.0529666666666,26.801611842105263,18.92727272727273,0.5500657894736843,40.85417763157894,12.459671052631576,2.043980263157895,98.34763157894736,6,57
2020,1180.0529666666666,26.801611842105263,18.92727272727273,0.5500657894736843,40.85417763157894,12.459671052631576,2.043980263157895,98.34763157894736,6,57
2021,1180.0529666666666,26.801611842105263,18.92727272727273,0.5500657894736843,40.85417763157894,12.459671052631576,2.043980263157895,98.34763157894736,6,57
2022,1180.0529666666666,26.801611842105263,18.92727272727273,0.5500657894736843,40.85417763157894,12.459671052631576,2.043980263157895,98.34763157894736,6,57
2023,1180.0529666666666,26.801611842105263,18.92727272727273,0.5500657894736843,40.85417763157894,12.459671052631576,2.043980263157895,98.34763157894736,6,57
2019,1180.0529666666666,26.801611842105263,18.92727272727273,0.5500657894736843,40.85417763157894,12.459671052631576,2.043980263157895,98.34763157894736,6,59
2020,1180.0529666666666,26.801611842105263,18.92727272727273,0.5500657894736843,40.85417763157894,12.459671052631576,2.043980263157895,98.34763157894736,6,59
2021,1180.0529666666666,26.801611842105263,18.92727272727273,0.5500657894736843,40.85417763157894,12.459671052631576,2.043980263157895,98.34763157894736,6,59
2022,1180.0529666666666,26.801611842105263,18.92727272727273,0.5500657894736843,40.85417763157894,12.459671052631576,2.043980263157895,98.34763157894736,6,59
2023,1180.0529666666666,26.801611842105263,18.92727272727273,0.5500657894736843,40.85417763157894,12.459671052631576,2.043980263157895,98.34763157894736,6,59
2019,1180.0529666666666,26.801611842105263,18.92727272727273,0.5500657894736843,40.85417763157894,12.459671052631576,2.043980263157895,98.34763157894736,6,60
2020,1180.0529666666666,26.801611842105263,18.92727272727273,0.5500657894736843,40.85417763157894,12.459671052631576,2.043980263157895,98.34763157894736,6,60
2021,1180.0529666666666,26.801611842105263,18.92727272727273,0.5500657894736843,40.85417763157894,12.459671052631576,2.043980263157895,98.34763157894736,6,60
2022,1180.0529666666666,26.801611842105263,18.92727272727273,0.5500657894736843,40.85417763157894,12.459671052631576,2.043980263157895,98.34763157894736,6,60
2023,1180.0529666666666,26.801611842105263,18.92727272727273,0.5500657894736843,40.85417763157894,12.459671052631576,2.043980263157895,98.34763157894736,6,60
2019,1180.0529666666666,26.801611842105263,18.92727272727273,0.5500657894736843,40.85417763157894,12.459671052631576,2.043980263157895,98.34763157894736,6,68
2020,1180.0529666666666,26.801611842105263,18.92727272727273,0.5500657894736843,40.85417763157894,12.459671052631576,2.043980263157895,98.34763157894736,6,68
2021,1180.0529666666666,26.801611842105263,18.92727272727273,0.5500657894736843,40.85417763157894,12.459671052631576,2.043980263157895,98.34763157894736,6,68
2022,1180.0529666666666,26.801611842105263,18.92727272727273,0.5500657894736843,40.85417763157894,12.459671052631576,2.043980263157895,98.34763157894736,6,68
2023,1180.0529666666666,26.801611842105263,18.92727272727273,0.5500657894736843,40.85417763157894,12.459671052631576,2.043980263157895,98.34763157894736,6,68
2019,1180.0529666666666,26.801611842105263,18.92727272727273,0.5500657894736843,40.85417763157894,12.459671052631576,2.043980263157895,98.34763157894736,6,70
2020,1180.0529666666666,26.801611842105263,18.92727272727273,0.5500657894736843,40.85417763157894,12.459671052631576,2.043980263157895,98.34763157894736,6,70
2021,1180.0529666666666,26.801611842105263,18.92727272727273,0.5500657894736843,40.85417763157894,12.459671052631576,2.043980263157895,98.34763157894736,6,70
2022,1180.0529666666666,26.801611842105263,18.92727272727273,0.5500657894736843,40.85417763157894,12.459671052631576,2.043980263157895,98.34763157894736,6,70
2023,1180.0529666666666,26.801611842105263,18.92727272727273,0.5500657894736843,40.85417763157894,12.459671052631576,2.043980263157895,98.34763157894736,6,70
2019,1180.0529666666666,26.801611842105263,18.92727272727273,0.5500657894736843,40.85417763157894,12.459671052631576,2.043980263157895,98.34763157894736,6,71
2020,1180.0529666666666,26.801611842105263,18.92727272727273,0.5500657894736843,40.85417763157894,12.459671052631576,2.043980263157895,98.34763157894736,6,71
2021,1180.0529666666666,26.801611842105263,18.92727272727273,0.5500657894736843,40.85417763157894,12.459671052631576,2.043980263157895,98.34763157894736,6,71
2022,1180.0529666666666,26.801611842105263,18.92727272727273,0.5500657894736843,40.85417763157894,12.459671052631576,2.043980263157895,98.34763157894736,6,71
2023,1180.0529666666666,26.801611842105263,18.92727272727273,0.5500657894736843,40.85417763157894,12.459671052631576,2.043980263157895,98.34763157894736,6,71
2019,1180.0529666666666,26.801611842105263,18.92727272727273,0.5500657894736843,40.85417763157894,12.459671052631576,2.043980263157895,98.34763157894736,6,73
2020,1180.0529666666666,26.801611842105263,18.92727272727273,0.5500657894736843,40.85417763157894,12.459671052631576,2.043980263157895,98.34763157894736,6,73
2021,1180.0529666666666,26.801611842105263,18.92727272727273,0.5500657894736843,40.85417763157894,12.459671052631576,2.043980263157895,98.34763157894736,6,73
2022,1180.0529666666666,26.801611842105263,18.92727272727273,0.5500657894736843,40.85417763157894,12.459671052631576,2.043980263157895,98.34763157894736,6,73
2023,1180.0529666666666,26.801611842105263,18.92727272727273,0.5500657894736843,40.85417763157894,12.459671052631576,2.043980263157895,98.34763157894736,6,73
2019,1180.0529666666666,26.801611842105263,18.92727272727273,0.5500657894736843,40.85417763157894,12.459671052631576,2.043980263157895,98.34763157894736,6,74
2020,1180.0529666666666,26.801611842105263,18.92727272727273,0.5500657894736843,40.85417763157894,12.459671052631576,2.043980263157895,98.34763157894736,6,74
2021,1180.0529666666666,26.801611842105263,18.92727272727273,0.5500657894736843,40.85417763157894,12.459671052631576,2.043980263157895,98.34763157894736,6,74
2022,1180.0529666666666,26.801611842105263,18.92727272727273,0.5500657894736843,40.85417763157894,12.459671052631576,2.043980263157895,98.34763157894736,6,74
2023,1180.0529666666666,26.801611842105263,18.92727272727273,0.5500657894736843,40.85417763157894,12.459671052631576,2.043980263157895,98.34763157894736,6,74
2019,1180.0529666666666,26.801611842105263,18.92727272727273,0.5500657894736843,40.85417763157894,12.459671052631576,2.043980263157895,98.34763157894736,6,75
2020,1180.0529666666666,26.801611842105263,18.92727272727273,0.5500657894736843,40.85417763157894,12.459671052631576,2.043980263157895,98.34763157894736,6,75
2021,1180.0529666666666,26.801611842105263,18.92727272727273,0.5500657894736843,40.85417763157894,12.459671052631576,2.043980263157895,98.34763157894736,6,75
2022,1180.0529666666666,26.801611842105263,18.92727272727273,0.5500657894736843,40.85417763157894,12.459671052631576,2.043980263157895,98.34763157894736,6,75
2023,1180.0529666666666,26.801611842105263,18.92727272727273,0.5500657894736843,40.85417763157894,12.459671052631576,2.043980263157895,98.34763157894736,6,75
2019,1180.0529666666666,26.801611842105263,18.92727272727273,0.5500657894736843,40.85417763157894,12.459671052631576,2.043980263157895,98.34763157894736,6,80
2020,1180.0529666666666,26.801611842105263,18.92727272727273,0.5500657894736843,40.85417763157894,12.459671052631576,2.043980263157895,98.34763157894736,6,80
2021,1180.0529666666666,26.801611842105263,18.92727272727273,0.5500657894736843,40.85417763157894,12.459671052631576,2.043980263157895,98.34763157894736,6,80
2022,1180.0529666666666,26.801611842105263,18.92727272727273,0.5500657894736843,40.85417763157894,12.459671052631576,2.043980263157895,98.34763157894736,6,80
2023,1180.0529666666666,26.801611842105263,18.92727272727273,0.5500657894736843,40.85417763157894,12.459671052631576,2.043980263157895,98.34763157894736,6,80
2019,1180.0529666666666,26.801611842105263,18.92727272727273,0.5500657894736843,40.85417763157894,12.459671052631576,2.043980263157895,98.34763157894736,6,81
2020,1180.0529666666666,26.801611842105263,18.92727272727273,0.5500657894736843,40.85417763157894,12.459671052631576,2.043980263157895,98.34763157894736,6,81
2021,1180.0529666666666,26.801611842105263,18.92727272727273,0.5500657894736843,40.85417763157894,12.459671052631576,2.043980263157895,98.34763157894736,6,81
2022,1180.0529666666666,26.801611842105263,18.92727272727273,0.5500657894736843,40.85417763157894,12.459671052631576,2.043980263157895,98.34763157894736,6,81
2023,1180.0529666666666,26.801611842105263,18.92727272727273,0.5500657894736843,40.85417763157894,12.459671052631576,2.043980263157895,98.34763157894736,6,81
2019,1180.0529666666666,26.801611842105263,18.92727272727273,0.5500657894736843,40.85417763157894,12.459671052631576,2.043980263157895,98.34763157894736,6,85
2020,1180.0529666666666,26.801611842105263,18.92727272727273,0.5500657894736843,40.85417763157894,12.459671052631576,2.043980263157895,98.34763157894736,6,85
2021,1180.0529666666666,26.801611842105263,18.92727272727273,0.5500657894736843,40.85417763157894,12.459671052631576,2.043980263157895,98.34763157894736,6,85
2022,1180.0529666666666,26.801611842105263,18.92727272727273,0.5500657894736843,40.85417763157894,12.459671052631576,2.043980263157895,98.34763157894736,6,85
2023,1180.0529666666666,26.801611842105263,18.92727272727273,0.5500657894736843,40.85417763157894,12.459671052631576,2.043980263157895,98.34763157894736,6,85
2019,1180.0529666666666,26.801611842105263,18.92727272727273,0.5500657894736843,40.85417763157894,12.459671052631576,2.043980263157895,98.34763157894736,6,90
2020,1180.0529666666666,26.801611842105263,18.92727272727273,0.5500657894736843,40.85417763157894,12.459671052631576,2.043980263157895,98.34763157894736,6,90
2021,1180.0529666666666,26.801611842105263,18.92727272727273,0.5500657894736843,40.85417763157894,12.459671052631576,2.043980263157895,98.34763157894736,6,90
2022,1180.0529666666666,26.801611842105263,18.92727272727273,0.5500657894736843,40.85417763157894,12.459671052631576,2.043980263157895,98.34763157894736,6,90
2023,1180.0529666666666,26.801611842105263,18.92727272727273,0.5500657894736843,40.85417763157894,12.459671052631576,2.043980263157895,98.34763157894736,6,90
2019,1180.0529666666666,26.801611842105263,18.92727272727273,0.5500657894736843,40.85417763157894,12.459671052631576,2.043980263157895,98.34763157894736,6,92
2020,1180.0529666666666,26.801611842105263,18.92727272727273,0.5500657894736843,40.85417763157894,12.459671052631576,2.043980263157895,98.34763157894736,6,92
2021,1180.0529666666666,26.801611842105263,18.92727272727273,0.5500657894736843,40.85417763157894,12.459671052631576,2.043980263157895,98.34763157894736,6,92
2022,1180.0529666666666,26.801611842105263,18.92727272727273,0.5500657894736843,40.85417763157894,12.459671052631576,2.043980263157895,98.34763157894736,6,92
2023,1180.0529666666666,26.801611842105263,18.92727272727273,0.5500657894736843,40.85417763157894,12.459671052631576,2.043980263157895,98.34763157894736,6,92
2019,1180.0529666666666,26.801611842105263,18.92727272727273,0.5500657894736843,40.85417763157894,12.459671052631576,2.043980263157895,98.34763157894736,6,13
2020,1180.0529666666666,26.801611842105263,18.92727272727273,0.5500657894736843,40.85417763157894,12.459671052631576,2.043980263157895,98.34763157894736,6,13
2021,1180.0529666666666,26.801611842105263,18.92727272727273,0.5500657894736843,40.85417763157894,12.459671052631576,2.043980263157895,98.34763157894736,6,13
2022,1180.0529666666666,26.801611842105263,18.92727272727273,0.5500657894736843,40.85417763157894,12.459671052631576,2.043980263157895,98.34763157894736,6,13
2023,1180.0529666666666,26.801611842105263,18.92727272727273,0.5500657894736843,40.85417763157894,12.459671052631576,2.043980263157895,98.34763157894736,6,13
2019,1180.0529666666666,26.801611842105263,18.92727272727273,0.5500657894736843,40.85417763157894,12.459671052631576,2.043980263157895,98.34763157894736,6,17
2020,1180.0529666666666,26.801611842105263,18.92727272727273,0.5500657894736843,40.85417763157894,12.459671052631576,2.043980263157895,98.34763157894736,6,17
2021,1180.0529666666666,26.801611842105263,18.92727272727273,0.5500657894736843,40.85417763157894,12.459671052631576,2.043980263157895,98.34763157894736,6,17
2022,1180.0529666666666,26.801611842105263,18.92727272727273,0.5500657894736843,40.85417763157894,12.459671052631576,2.043980263157895,98.34763157894736,6,17
2023,1180.0529666666666,26.801611842105263,18.92727272727273,0.5500657894736843,40.85417763157894,12.459671052631576,2.043980263157895,98.34763157894736,6,17
2019,1180.0529666666666,26.801611842105263,18.92727272727273,0.5500657894736843,40.85417763157894,12.459671052631576,2.043980263157895,98.34763157894736,6,26
2020,1180.0529666666666,26.801611842105263,18.92727272727273,0.5500657894736843,40.85417763157894,12.459671052631576,2.043980263157895,98.34763157894736,6,26
2021,1180.0529666666666,26.801611842105263,18.92727272727273,0.5500657894736843,40.85417763157894,12.459671052631576,2.043980263157895,98.34763157894736,6,26
2022,1180.0529666666666,26.801611842105263,18.92727272727273,0.5500657894736843,40.85417763157894,12.459671052631576,2.043980263157895,98.34763157894736,6,26
2023,1180.0529666666666,26.801611842105263,18.92727272727273,0.5500657894736843,40.85417763157894,12.459671052631576,2.043980263157895,98.34763157894736,6,26
2019,1180.0529666666666,26.801611842105263,18.92727272727273,0.5500657894736843,40.85417763157894,12.459671052631576,2.043980263157895,98.34763157894736,6,28
2020,1180.0529666666666,26.801611842105263,18.92727272727273,0.5500657894736843,40.85417763157894,12.459671052631576,2.043980263157895,98.34763157894736,6,28
2021,1180.0529666666666,26.801611842105263,18.92727272727273,0.5500657894736843,40.85417763157894,12.459671052631576,2.043980263157895,98.34763157894736,6,28
2022,1180.0529666666666,26.801611842105263,18.92727272727273,0.5500657894736843,40.85417763157894,12.459671052631576,2.043980263157895,98.34763157894736,6,28
2023,1180.0529666666666,26.801611842105263,18.92727272727273,0.5500657894736843,40.85417763157894,12.459671052631576,2.043980263157895,98.34763157894736,6,28
2019,1180.0529666666666,26.801611842105263,18.92727272727273,0.5500657894736843,40.85417763157894,12.459671052631576,2.043980263157895,98.34763157894736,6,46
2020,1180.0529666666666,26.801611842105263,18.92727272727273,0.5500657894736843,40.85417763157894,12.459671052631576,2.043980263157895,98.34763157894736,6,46
2021,1180.0529666666666,26.801611842105263,18.92727272727273,0.5500657894736843,40.85417763157894,12.459671052631576,2.043980263157895,98.34763157894736,6,46
2022,1180.0529666666666,26.801611842105263,18.92727272727273,0.5500657894736843,40.85417763157894,12.459671052631576,2.043980263157895,98.34763157894736,6,46
2023,1180.0529666666666,26.801611842105263,18.92727272727273,0.5500657894736843,40.85417763157894,12.459671052631576,2.043980263157895,98.34763157894736,6,46
2019,1180.0529666666666,26.801611842105263,18.92727272727273,0.5500657894736843,40.85417763157894,12.459671052631576,2.043980263157895,98.34763157894736,6,47
2020,1180.0529666666666,26.801611842105263,18.92727272727273,0.5500657894736843,40.85417763157894,12.459671052631576,2.043980263157895,98.34763157894736,6,47
2021,1180.0529666666666,26.801611842105263,18.92727272727273,0.5500657894736843,40.85417763157894,12.459671052631576,2.043980263157895,98.34763157894736,6,47
2022,1180.0529666666666,26.801611842105263,18.92727272727273,0.5500657894736843,40.85417763157894,12.459671052631576,2.043980263157895,98.34763157894736,6,47
2023,1180.0529666666666,26.801611842105263,18.92727272727273,0.5500657894736843,40.85417763157894,12.459671052631576,2.043980263157895,98.34763157894736,6,47
2019,1180.0529666666666,26.801611842105263,18.92727272727273,0.5500657894736843,40.85417763157894,12.459671052631576,2.043980263157895,98.34763157894736,6,69
2020,1180.0529666666666,26.801611842105263,18.92727272727273,0.5500657894736843,40.85417763157894,12.459671052631576,2.043980263157895,98.34763157894736,6,69
2021,1180.0529666666666,26.801611842105263,18.92727272727273,0.5500657894736843,40.85417763157894,12.459671052631576,2.043980263157895,98.34763157894736,6,69
2022,1180.0529666666666,26.801611842105263,18.92727272727273,0.5500657894736843,40.85417763157894,12.459671052631576,2.043980263157895,98.34763157894736,6,69
2023,1180.0529666666666,26.801611842105263,18.92727272727273,0.5500657894736843,40.85417763157894,12.459671052631576,2.043980263157895,98.34763157894736,6,69
2019,1180.0529666666666,26.801611842105263,18.92727272727273,0.5500657894736843,40.85417763157894,12.459671052631576,2.043980263157895,98.34763157894736,6,72
2020,1180.0529666666666,26.801611842105263,18.92727272727273,0.5500657894736843,40.85417763157894,12.459671052631576,2.043980263157895,98.34763157894736,6,72
2021,1180.0529666666666,26.801611842105263,18.92727272727273,0.5500657894736843,40.85417763157894,12.459671052631576,2.043980263157895,98.34763157894736,6,72
2022,1180.0529666666666,26.801611842105263,18.92727272727273,0.5500657894736843,40.85417763157894,12.459671052631576,2.043980263157895,98.34763157894736,6,72
2023,1180.0529666666666,26.801611842105263,18.92727272727273,0.5500657894736843,40.85417763157894,12.459671052631576,2.043980263157895,98.34763157894736,6,72
2019,1180.0529666666666,26.801611842105263,18.92727272727273,0.5500657894736843,40.85417763157894,12.459671052631576,2.043980263157895,98.34763157894736,6,78
2020,1180.0529666666666,26.801611842105263,18.92727272727273,0.5500657894736843,40.85417763157894,12.459671052631576,2.043980263157895,98.34763157894736,6,78
2021,1180.0529666666666,26.801611842105263,18.92727272727273,0.5500657894736843,40.85417763157894,12.459671052631576,2.043980263157895,98.34763157894736,6,78
2022,1180.0529666666666,26.801611842105263,18.92727272727273,0.5500657894736843,40.85417763157894,12.459671052631576,2.043980263157895,98.34763157894736,6,78
2023,1180.0529666666666,26.801611842105263,18.92727272727273,0.5500657894736843,40.85417763157894,12.459671052631576,2.043980263157895,98.34763157894736,6,78
2019,1180.0529666666666,26.801611842105263,18.92727272727273,0.5500657894736843,40.85417763157894,12.459671052631576,2.043980263157895,98.34763157894736,6,86
2020,1180.0529666666666,26.801611842105263,18.92727272727273,0.5500657894736843,40.85417763157894,12.459671052631576,2.043980263157895,98.34763157894736,6,86
2021,1180.0529666666666,26.801611842105263,18.92727272727273,0.5500657894736843,40.85417763157894,12.459671052631576,2.043980263157895,98.34763157894736,6,86
2022,1180.0529666666666,26.801611842105263,18.92727272727273,0.5500657894736843,40.85417763157894,12.459671052631576,2.043980263157895,98.34763157894736,6,86
2023,1180.0529666666666,26.801611842105263,18.92727272727273,0.5500657894736843,40.85417763157894,12.459671052631576,2.043980263157895,98.34763157894736,6,86
2019,1180.0529666666666,26.801611842105263,18.92727272727273,0.5500657894736843,40.85417763157894,12.459671052631576,2.043980263157895,98.34763157894736,6,88
2020,1180.0529666666666,26.801611842105263,18.92727272727273,0.5500657894736843,40.85417763157894,12.459671052631576,2.043980263157895,98.34763157894736,6,88
2021,1180.0529666666666,26.801611842105263,18.92727272727273,0.5500657894736843,40.85417763157894,12.459671052631576,2.043980263157895,98.34763157894736,6,88
2022,1180.0529666666666,26.801611842105263,18.92727272727273,0.5500657894736843,40.85417763157894,12.459671052631576,2.043980263157895,98.34763157894736,6,88
2023,1180.0529666666666,26.801611842105263,18.92727272727273,0.5500657894736843,40.85417763157894,12.459671052631576,2.043980263157895,98.34763157894736,6,88
2019,1180.0529666666666,26.801611842105263,18.92727272727273,0.5500657894736843,40.85417763157894,12.459671052631576,2.043980263157895,98.34763157894736,7,2
2020,1180.0529666666666,26.801611842105263,18.92727272727273,0.5500657894736843,40.85417763157894,12.459671052631576,2.043980263157895,98.34763157894736,7,2
2021,1180.0529666666666,26.801611842105263,18.92727272727273,0.5500657894736843,40.85417763157894,12.459671052631576,2.043980263157895,98.34763157894736,7,2
2022,1180.0529666666666,26.801611842105263,18.92727272727273,0.5500657894736843,40.85417763157894,12.459671052631576,2.043980263157895,98.34763157894736,7,2
2023,1180.0529666666666,26.801611842105263,18.92727272727273,0.5500657894736843,40.85417763157894,12.459671052631576,2.043980263157895,98.34763157894736,7,2
2019,1180.0529666666666,26.801611842105263,18.92727272727273,0.5500657894736843,40.85417763157894,12.459671052631576,2.043980263157895,98.34763157894736,7,3
2020,1180.0529666666666,26.801611842105263,18.92727272727273,0.5500657894736843,40.85417763157894,12.459671052631576,2.043980263157895,98.34763157894736,7,3
2021,1180.0529666666666,26.801611842105263,18.92727272727273,0.5500657894736843,40.85417763157894,12.459671052631576,2.043980263157895,98.34763157894736,7,3
2022,1180.0529666666666,26.801611842105263,18.92727272727273,0.5500657894736843,40.85417763157894,12.459671052631576,2.043980263157895,98.34763157894736,7,3
2023,1180.0529666666666,26.801611842105263,18.92727272727273,0.5500657894736843,40.85417763157894,12.459671052631576,2.043980263157895,98.34763157894736,7,3
2019,1180.0529666666666,26.801611842105263,18.92727272727273,0.5500657894736843,40.85417763157894,12.459671052631576,2.043980263157895,98.34763157894736,7,4
2020,1180.0529666666666,26.801611842105263,18.92727272727273,0.5500657894736843,40.85417763157894,12.459671052631576,2.043980263157895,98.34763157894736,7,4
2021,1180.0529666666666,26.801611842105263,18.92727272727273,0.5500657894736843,40.85417763157894,12.459671052631576,2.043980263157895,98.34763157894736,7,4
2022,1180.0529666666666,26.801611842105263,18.92727272727273,0.5500657894736843,40.85417763157894,12.459671052631576,2.043980263157895,98.34763157894736,7,4
2023,1180.0529666666666,26.801611842105263,18.92727272727273,0.5500657894736843,40.85417763157894,12.459671052631576,2.043980263157895,98.34763157894736,7,4
2019,1180.0529666666666,26.801611842105263,18.92727272727273,0.5500657894736843,40.85417763157894,12.459671052631576,2.043980263157895,98.34763157894736,7,5
2020,1180.0529666666666,26.801611842105263,18.92727272727273,0.5500657894736843,40.85417763157894,12.459671052631576,2.043980263157895,98.34763157894736,7,5
2021,1180.0529666666666,26.801611842105263,18.92727272727273,0.5500657894736843,40.85417763157894,12.459671052631576,2.043980263157895,98.34763157894736,7,5
2022,1180.0529666666666,26.801611842105263,18.92727272727273,0.5500657894736843,40.85417763157894,12.459671052631576,2.043980263157895,98.34763157894736,7,5
2023,1180.0529666666666,26.801611842105263,18.92727272727273,0.5500657894736843,40.85417763157894,12.459671052631576,2.043980263157895,98.34763157894736,7,5
2019,1180.0529666666666,26.801611842105263,18.92727272727273,0.5500657894736843,40.85417763157894,12.459671052631576,2.043980263157895,98.34763157894736,7,8
2020,1180.0529666666666,26.801611842105263,18.92727272727273,0.5500657894736843,40.85417763157894,12.459671052631576,2.043980263157895,98.34763157894736,7,8
2021,1180.0529666666666,26.801611842105263,18.92727272727273,0.5500657894736843,40.85417763157894,12.459671052631576,2.043980263157895,98.34763157894736,7,8
2022,1180.0529666666666,26.801611842105263,18.92727272727273,0.5500657894736843,40.85417763157894,12.459671052631576,2.043980263157895,98.34763157894736,7,8
2023,1180.0529666666666,26.801611842105263,18.92727272727273,0.5500657894736843,40.85417763157894,12.459671052631576,2.043980263157895,98.34763157894736,7,8
2019,1180.0529666666666,26.801611842105263,18.92727272727273,0.5500657894736843,40.85417763157894,12.459671052631576,2.043980263157895,98.34763157894736,7,10
2020,1180.0529666666666,26.801611842105263,18.92727272727273,0.5500657894736843,40.85417763157894,12.459671052631576,2.043980263157895,98.34763157894736,7,10
2021,1180.0529666666666,26.801611842105263,18.92727272727273,0.5500657894736843,40.85417763157894,12.459671052631576,2.043980263157895,98.34763157894736,7,10
2022,1180.0529666666666,26.801611842105263,18.92727272727273,0.5500657894736843,40.85417763157894,12.459671052631576,2.043980263157895,98.34763157894736,7,10
2023,1180.0529666666666,26.801611842105263,18.92727272727273,0.5500657894736843,40.85417763157894,12.459671052631576,2.043980263157895,98.34763157894736,7,10
2019,1180.0529666666666,26.801611842105263,18.92727272727273,0.5500657894736843,40.85417763157894,12.459671052631576,2.043980263157895,98.34763157894736,7,11
2020,1180.0529666666666,26.801611842105263,18.92727272727273,0.5500657894736843,40.85417763157894,12.459671052631576,2.043980263157895,98.34763157894736,7,11
2021,1180.0529666666666,26.801611842105263,18.92727272727273,0.5500657894736843,40.85417763157894,12.459671052631576,2.043980263157895,98.34763157894736,7,11
2022,1180.0529666666666,26.801611842105263,18.92727272727273,0.5500657894736843,40.85417763157894,12.459671052631576,2.043980263157895,98.34763157894736,7,11
2023,1180.0529666666666,26.801611842105263,18.92727272727273,0.5500657894736843,40.85417763157894,12.459671052631576,2.043980263157895,98.34763157894736,7,11
2019,1180.0529666666666,26.801611842105263,18.92727272727273,0.5500657894736843,40.85417763157894,12.459671052631576,2.043980263157895,98.34763157894736,7,14
2020,1180.0529666666666,26.801611842105263,18.92727272727273,0.5500657894736843,40.85417763157894,12.459671052631576,2.043980263157895,98.34763157894736,7,14
2021,1180.0529666666666,26.801611842105263,18.92727272727273,0.5500657894736843,40.85417763157894,12.459671052631576,2.043980263157895,98.34763157894736,7,14
2022,1180.0529666666666,26.801611842105263,18.92727272727273,0.5500657894736843,40.85417763157894,12.459671052631576,2.043980263157895,98.34763157894736,7,14
2023,1180.0529666666666,26.801611842105263,18.92727272727273,0.5500657894736843,40.85417763157894,12.459671052631576,2.043980263157895,98.34763157894736,7,14
2019,1180.0529666666666,26.801611842105263,18.92727272727273,0.5500657894736843,40.85417763157894,12.459671052631576,2.043980263157895,98.34763157894736,7,15
2020,1180.0529666666666,26.801611842105263,18.92727272727273,0.5500657894736843,40.85417763157894,12.459671052631576,2.043980263157895,98.34763157894736,7,15
2021,1180.0529666666666,26.801611842105263,18.92727272727273,0.5500657894736843,40.85417763157894,12.459671052631576,2.043980263157895,98.34763157894736,7,15
2022,1180.0529666666666,26.801611842105263,18.92727272727273,0.5500657894736843,40.85417763157894,12.459671052631576,2.043980263157895,98.34763157894736,7,15
2023,1180.0529666666666,26.801611842105263,18.92727272727273,0.5500657894736843,40.85417763157894,12.459671052631576,2.043980263157895,98.34763157894736,7,15
2019,1180.0529666666666,26.801611842105263,18.92727272727273,0.5500657894736843,40.85417763157894,12.459671052631576,2.043980263157895,98.34763157894736,7,18
2020,1180.0529666666666,26.801611842105263,18.92727272727273,0.5500657894736843,40.85417763157894,12.459671052631576,2.043980263157895,98.34763157894736,7,18
2021,1180.0529666666666,26.801611842105263,18.92727272727273,0.5500657894736843,40.85417763157894,12.459671052631576,2.043980263157895,98.34763157894736,7,18
2022,1180.0529666666666,26.801611842105263,18.92727272727273,0.5500657894736843,40.85417763157894,12.459671052631576,2.043980263157895,98.34763157894736,7,18
2023,1180.0529666666666,26.801611842105263,18.92727272727273,0.5500657894736843,40.85417763157894,12.459671052631576,2.043980263157895,98.34763157894736,7,18
2019,1180.0529666666666,26.801611842105263,18.92727272727273,0.5500657894736843,40.85417763157894,12.459671052631576,2.043980263157895,98.34763157894736,7,19
2020,1180.0529666666666,26.801611842105263,18.92727272727273,0.5500657894736843,40.85417763157894,12.459671052631576,2.043980263157895,98.34763157894736,7,19
2021,1180.0529666666666,26.801611842105263,18.92727272727273,0.5500657894736843,40.85417763157894,12.459671052631576,2.043980263157895,98.34763157894736,7,19
2022,1180.0529666666666,26.801611842105263,18.92727272727273,0.5500657894736843,40.85417763157894,12.459671052631576,2.043980263157895,98.34763157894736,7,19
2023,1180.0529666666666,26.801611842105263,18.92727272727273,0.5500657894736843,40.85417763157894,12.459671052631576,2.043980263157895,98.34763157894736,7,19
2019,1180.0529666666666,26.801611842105263,18.92727272727273,0.5500657894736843,40.85417763157894,12.459671052631576,2.043980263157895,98.34763157894736,7,20
2020,1180.0529666666666,26.801611842105263,18.92727272727273,0.5500657894736843,40.85417763157894,12.459671052631576,2.043980263157895,98.34763157894736,7,20
2021,1180.0529666666666,26.801611842105263,18.92727272727273,0.5500657894736843,40.85417763157894,12.459671052631576,2.043980263157895,98.34763157894736,7,20
2022,1180.0529666666666,26.801611842105263,18.92727272727273,0.5500657894736843,40.85417763157894,12.459671052631576,2.043980263157895,98.34763157894736,7,20
2023,1180.0529666666666,26.801611842105263,18.92727272727273,0.5500657894736843,40.85417763157894,12.459671052631576,2.043980263157895,98.34763157894736,7,20
2019,1180.0529666666666,26.801611842105263,18.92727272727273,0.5500657894736843,40.85417763157894,12.459671052631576,2.043980263157895,98.34763157894736,7,24
2020,1180.0529666666666,26.801611842105263,18.92727272727273,0.5500657894736843,40.85417763157894,12.459671052631576,2.043980263157895,98.34763157894736,7,24
2021,1180.0529666666666,26.801611842105263,18.92727272727273,0.5500657894736843,40.85417763157894,12.459671052631576,2.043980263157895,98.34763157894736,7,24
2022,1180.0529666666666,26.801611842105263,18.92727272727273,0.5500657894736843,40.85417763157894,12.459671052631576,2.043980263157895,98.34763157894736,7,24
2023,1180.0529666666666,26.801611842105263,18.92727272727273,0.5500657894736843,40.85417763157894,12.459671052631576,2.043980263157895,98.34763157894736,7,24
2019,1180.0529666666666,26.801611842105263,18.92727272727273,0.5500657894736843,40.85417763157894,12.459671052631576,2.043980263157895,98.34763157894736,7,27
2020,1180.0529666666666,26.801611842105263,18.92727272727273,0.5500657894736843,40.85417763157894,12.459671052631576,2.043980263157895,98.34763157894736,7,27
2021,1180.0529666666666,26.801611842105263,18.92727272727273,0.5500657894736843,40.85417763157894,12.459671052631576,2.043980263157895,98.34763157894736,7,27
2022,1180.0529666666666,26.801611842105263,18.92727272727273,0.5500657894736843,40.85417763157894,12.459671052631576,2.043980263157895,98.34763157894736,7,27
2023,1180.0529666666666,26.801611842105263,18.92727272727273,0.5500657894736843,40.85417763157894,12.459671052631576,2.043980263157895,98.34763157894736,7,27
2019,1180.0529666666666,26.801611842105263,18.92727272727273,0.5500657894736843,40.85417763157894,12.459671052631576,2.043980263157895,98.34763157894736,7,32
2020,1180.0529666666666,26.801611842105263,18.92727272727273,0.5500657894736843,40.85417763157894,12.459671052631576,2.043980263157895,98.34763157894736,7,32
2021,1180.0529666666666,26.801611842105263,18.92727272727273,0.5500657894736843,40.85417763157894,12.459671052631576,2.043980263157895,98.34763157894736,7,32
2022,1180.0529666666666,26.801611842105263,18.92727272727273,0.5500657894736843,40.85417763157894,12.459671052631576,2.043980263157895,98.34763157894736,7,32
2023,1180.0529666666666,26.801611842105263,18.92727272727273,0.5500657894736843,40.85417763157894,12.459671052631576,2.043980263157895,98.34763157894736,7,32
2019,1180.0529666666666,26.801611842105263,18.92727272727273,0.5500657894736843,40.85417763157894,12.459671052631576,2.043980263157895,98.34763157894736,7,33
2020,1180.0529666666666,26.801611842105263,18.92727272727273,0.5500657894736843,40.85417763157894,12.459671052631576,2.043980263157895,98.34763157894736,7,33
2021,1180.0529666666666,26.801611842105263,18.92727272727273,0.5500657894736843,40.85417763157894,12.459671052631576,2.043980263157895,98.34763157894736,7,33
2022,1180.0529666666666,26.801611842105263,18.92727272727273,0.5500657894736843,40.85417763157894,12.459671052631576,2.043980263157895,98.34763157894736,7,33
2023,1180.0529666666666,26.801611842105263,18.92727272727273,0.5500657894736843,40.85417763157894,12.459671052631576,2.043980263157895,98.34763157894736,7,33
2019,1180.0529666666666,26.801611842105263,18.92727272727273,0.5500657894736843,40.85417763157894,12.459671052631576,2.043980263157895,98.34763157894736,7,38
2020,1180.0529666666666,26.801611842105263,18.92727272727273,0.5500657894736843,40.85417763157894,12.459671052631576,2.043980263157895,98.34763157894736,7,38
2021,1180.0529666666666,26.801611842105263,18.92727272727273,0.5500657894736843,40.85417763157894,12.459671052631576,2.043980263157895,98.34763157894736,7,38
2022,1180.0529666666666,26.801611842105263,18.92727272727273,0.5500657894736843,40.85417763157894,12.459671052631576,2.043980263157895,98.34763157894736,7,38
2023,1180.0529666666666,26.801611842105263,18.92727272727273,0.5500657894736843,40.85417763157894,12.459671052631576,2.043980263157895,98.34763157894736,7,38
2019,1180.0529666666666,26.801611842105263,18.92727272727273,0.5500657894736843,40.85417763157894,12.459671052631576,2.043980263157895,98.34763157894736,7,41
2020,1180.0529666666666,26.801611842105263,18.92727272727273,0.5500657894736843,40.85417763157894,12.459671052631576,2.043980263157895,98.34763157894736,7,41
2021,1180.0529666666666,26.801611842105263,18.92727272727273,0.5500657894736843,40.85417763157894,12.459671052631576,2.043980263157895,98.34763157894736,7,41
2022,1180.0529666666666,26.801611842105263,18.92727272727273,0.5500657894736843,40.85417763157894,12.459671052631576,2.043980263157895,98.34763157894736,7,41
2023,1180.0529666666666,26.801611842105263,18.92727272727273,0.5500657894736843,40.85417763157894,12.459671052631576,2.043980263157895,98.34763157894736,7,41
2019,1180.0529666666666,26.801611842105263,18.92727272727273,0.5500657894736843,40.85417763157894,12.459671052631576,2.043980263157895,98.34763157894736,7,43
2020,1180.0529666666666,26.801611842105263,18.92727272727273,0.5500657894736843,40.85417763157894,12.459671052631576,2.043980263157895,98.34763157894736,7,43
2021,1180.0529666666666,26.801611842105263,18.92727272727273,0.5500657894736843,40.85417763157894,12.459671052631576,2.043980263157895,98.34763157894736,7,43
2022,1180.0529666666666,26.801611842105263,18.92727272727273,0.5500657894736843,40.85417763157894,12.459671052631576,2.043980263157895,98.34763157894736,7,43
2023,1180.0529666666666,26.801611842105263,18.92727272727273,0.5500657894736843,40.85417763157894,12.459671052631576,2.043980263157895,98.34763157894736,7,43
2019,1180.0529666666666,26.801611842105263,18.92727272727273,0.5500657894736843,40.85417763157894,12.459671052631576,2.043980263157895,98.34763157894736,7,45
2020,1180.0529666666666,26.801611842105263,18.92727272727273,0.5500657894736843,40.85417763157894,12.459671052631576,2.043980263157895,98.34763157894736,7,45
2021,1180.0529666666666,26.801611842105263,18.92727272727273,0.5500657894736843,40.85417763157894,12.459671052631576,2.043980263157895,98.34763157894736,7,45
2022,1180.0529666666666,26.801611842105263,18.92727272727273,0.5500657894736843,40.85417763157894,12.459671052631576,2.043980263157895,98.34763157894736,7,45
2023,1180.0529666666666,26.801611842105263,18.92727272727273,0.5500657894736843,40.85417763157894,12.459671052631576,2.043980263157895,98.34763157894736,7,45
2019,1180.0529666666666,26.801611842105263,18.92727272727273,0.5500657894736843,40.85417763157894,12.459671052631576,2.043980263157895,98.34763157894736,7,51
2020,1180.0529666666666,26.801611842105263,18.92727272727273,0.5500657894736843,40.85417763157894,12.459671052631576,2.043980263157895,98.34763157894736,7,51
2021,1180.0529666666666,26.801611842105263,18.92727272727273,0.5500657894736843,40.85417763157894,12.459671052631576,2.043980263157895,98.34763157894736,7,51
2022,1180.0529666666666,26.801611842105263,18.92727272727273,0.5500657894736843,40.85417763157894,12.459671052631576,2.043980263157895,98.34763157894736,7,51
2023,1180.0529666666666,26.801611842105263,18.92727272727273,0.5500657894736843,40.85417763157894,12.459671052631576,2.043980263157895,98.34763157894736,7,51
2019,1180.0529666666666,26.801611842105263,18.92727272727273,0.5500657894736843,40.85417763157894,12.459671052631576,2.043980263157895,98.34763157894736,7,54
2020,1180.0529666666666,26.801611842105263,18.92727272727273,0.5500657894736843,40.85417763157894,12.459671052631576,2.043980263157895,98.34763157894736,7,54
2021,1180.0529666666666,26.801611842105263,18.92727272727273,0.5500657894736843,40.85417763157894,12.459671052631576,2.043980263157895,98.34763157894736,7,54
2022,1180.0529666666666,26.801611842105263,18.92727272727273,0.5500657894736843,40.85417763157894,12.459671052631576,2.043980263157895,98.34763157894736,7,54
2023,1180.0529666666666,26.801611842105263,18.92727272727273,0.5500657894736843,40.85417763157894,12.459671052631576,2.043980263157895,98.34763157894736,7,54
2019,1180.0529666666666,26.801611842105263,18.92727272727273,0.5500657894736843,40.85417763157894,12.459671052631576,2.043980263157895,98.34763157894736,7,58
2020,1180.0529666666666,26.801611842105263,18.92727272727273,0.5500657894736843,40.85417763157894,12.459671052631576,2.043980263157895,98.34763157894736,7,58
2021,1180.0529666666666,26.801611842105263,18.92727272727273,0.5500657894736843,40.85417763157894,12.459671052631576,2.043980263157895,98.34763157894736,7,58
2022,1180.0529666666666,26.801611842105263,18.92727272727273,0.5500657894736843,40.85417763157894,12.459671052631576,2.043980263157895,98.34763157894736,7,58
2023,1180.0529666666666,26.801611842105263,18.92727272727273,0.5500657894736843,40.85417763157894,12.459671052631576,2.043980263157895,98.34763157894736,7,58
2019,1180.0529666666666,26.801611842105263,18.92727272727273,0.5500657894736843,40.85417763157894,12.459671052631576,2.043980263157895,98.34763157894736,7,60
2020,1180.0529666666666,26.801611842105263,18.92727272727273,0.5500657894736843,40.85417763157894,12.459671052631576,2.043980263157895,98.34763157894736,7,60
2021,1180.0529666666666,26.801611842105263,18.92727272727273,0.5500657894736843,40.85417763157894,12.459671052631576,2.043980263157895,98.34763157894736,7,60
2022,1180.0529666666666,26.801611842105263,18.92727272727273,0.5500657894736843,40.85417763157894,12.459671052631576,2.043980263157895,98.34763157894736,7,60
2023,1180.0529666666666,26.801611842105263,18.92727272727273,0.5500657894736843,40.85417763157894,12.459671052631576,2.043980263157895,98.34763157894736,7,60
2019,1180.0529666666666,26.801611842105263,18.92727272727273,0.5500657894736843,40.85417763157894,12.459671052631576,2.043980263157895,98.34763157894736,7,65
2020,1180.0529666666666,26.801611842105263,18.92727272727273,0.5500657894736843,40.85417763157894,12.459671052631576,2.043980263157895,98.34763157894736,7,65
2021,1180.0529666666666,26.801611842105263,18.92727272727273,0.5500657894736843,40.85417763157894,12.459671052631576,2.043980263157895,98.34763157894736,7,65
2022,1180.0529666666666,26.801611842105263,18.92727272727273,0.5500657894736843,40.85417763157894,12.459671052631576,2.043980263157895,98.34763157894736,7,65
2023,1180.0529666666666,26.801611842105263,18.92727272727273,0.5500657894736843,40.85417763157894,12.459671052631576,2.043980263157895,98.34763157894736,7,65
2019,1180.0529666666666,26.801611842105263,18.92727272727273,0.5500657894736843,40.85417763157894,12.459671052631576,2.043980263157895,98.34763157894736,7,71
2020,1180.0529666666666,26.801611842105263,18.92727272727273,0.5500657894736843,40.85417763157894,12.459671052631576,2.043980263157895,98.34763157894736,7,71
2021,1180.0529666666666,26.801611842105263,18.92727272727273,0.5500657894736843,40.85417763157894,12.459671052631576,2.043980263157895,98.34763157894736,7,71
2022,1180.0529666666666,26.801611842105263,18.92727272727273,0.5500657894736843,40.85417763157894,12.459671052631576,2.043980263157895,98.34763157894736,7,71
2023,1180.0529666666666,26.801611842105263,18.92727272727273,0.5500657894736843,40.85417763157894,12.459671052631576,2.043980263157895,98.34763157894736,7,71
2019,1180.0529666666666,26.801611842105263,18.92727272727273,0.5500657894736843,40.85417763157894,12.459671052631576,2.043980263157895,98.34763157894736,7,73
2020,1180.0529666666666,26.801611842105263,18.92727272727273,0.5500657894736843,40.85417763157894,12.459671052631576,2.043980263157895,98.34763157894736,7,73
2021,1180.0529666666666,26.801611842105263,18.92727272727273,0.5500657894736843,40.85417763157894,12.459671052631576,2.043980263157895,98.34763157894736,7,73
2022,1180.0529666666666,26.801611842105263,18.92727272727273,0.5500657894736843,40.85417763157894,12.459671052631576,2.043980263157895,98.34763157894736,7,73
2023,1180.0529666666666,26.801611842105263,18.92727272727273,0.5500657894736843,40.85417763157894,12.459671052631576,2.043980263157895,98.34763157894736,7,73
2019,1180.0529666666666,26.801611842105263,18.92727272727273,0.5500657894736843,40.85417763157894,12.459671052631576,2.043980263157895,98.34763157894736,7,74
2020,1180.0529666666666,26.801611842105263,18.92727272727273,0.5500657894736843,40.85417763157894,12.459671052631576,2.043980263157895,98.34763157894736,7,74
2021,1180.0529666666666,26.801611842105263,18.92727272727273,0.5500657894736843,40.85417763157894,12.459671052631576,2.043980263157895,98.34763157894736,7,74
2022,1180.0529666666666,26.801611842105263,18.92727272727273,0.5500657894736843,40.85417763157894,12.459671052631576,2.043980263157895,98.34763157894736,7,74
2023,1180.0529666666666,26.801611842105263,18.92727272727273,0.5500657894736843,40.85417763157894,12.459671052631576,2.043980263157895,98.34763157894736,7,74
2019,1180.0529666666666,26.801611842105263,18.92727272727273,0.5500657894736843,40.85417763157894,12.459671052631576,2.043980263157895,98.34763157894736,7,75
2020,1180.0529666666666,26.801611842105263,18.92727272727273,0.5500657894736843,40.85417763157894,12.459671052631576,2.043980263157895,98.34763157894736,7,75
2021,1180.0529666666666,26.801611842105263,18.92727272727273,0.5500657894736843,40.85417763157894,12.459671052631576,2.043980263157895,98.34763157894736,7,75
2022,1180.0529666666666,26.801611842105263,18.92727272727273,0.5500657894736843,40.85417763157894,12.459671052631576,2.043980263157895,98.34763157894736,7,75
2023,1180.0529666666666,26.801611842105263,18.92727272727273,0.5500657894736843,40.85417763157894,12.459671052631576,2.043980263157895,98.34763157894736,7,75
2019,1180.0529666666666,26.801611842105263,18.92727272727273,0.5500657894736843,40.85417763157894,12.459671052631576,2.043980263157895,98.34763157894736,7,76
2020,1180.0529666666666,26.801611842105263,18.92727272727273,0.5500657894736843,40.85417763157894,12.459671052631576,2.043980263157895,98.34763157894736,7,76
2021,1180.0529666666666,26.801611842105263,18.92727272727273,0.5500657894736843,40.85417763157894,12.459671052631576,2.043980263157895,98.34763157894736,7,76
2022,1180.0529666666666,26.801611842105263,18.92727272727273,0.5500657894736843,40.85417763157894,12.459671052631576,2.043980263157895,98.34763157894736,7,76
2023,1180.0529666666666,26.801611842105263,18.92727272727273,0.5500657894736843,40.85417763157894,12.459671052631576,2.043980263157895,98.34763157894736,7,76
2019,1180.0529666666666,26.801611842105263,18.92727272727273,0.5500657894736843,40.85417763157894,12.459671052631576,2.043980263157895,98.34763157894736,7,81
2020,1180.0529666666666,26.801611842105263,18.92727272727273,0.5500657894736843,40.85417763157894,12.459671052631576,2.043980263157895,98.34763157894736,7,81
2021,1180.0529666666666,26.801611842105263,18.92727272727273,0.5500657894736843,40.85417763157894,12.459671052631576,2.043980263157895,98.34763157894736,7,81
2022,1180.0529666666666,26.801611842105263,18.92727272727273,0.5500657894736843,40.85417763157894,12.459671052631576,2.043980263157895,98.34763157894736,7,81
2023,1180.0529666666666,26.801611842105263,18.92727272727273,0.5500657894736843,40.85417763157894,12.459671052631576,2.043980263157895,98.34763157894736,7,81
2019,1180.0529666666666,26.801611842105263,18.92727272727273,0.5500657894736843,40.85417763157894,12.459671052631576,2.043980263157895,98.34763157894736,7,83
2020,1180.0529666666666,26.801611842105263,18.92727272727273,0.5500657894736843,40.85417763157894,12.459671052631576,2.043980263157895,98.34763157894736,7,83
2021,1180.0529666666666,26.801611842105263,18.92727272727273,0.5500657894736843,40.85417763157894,12.459671052631576,2.043980263157895,98.34763157894736,7,83
2022,1180.0529666666666,26.801611842105263,18.92727272727273,0.5500657894736843,40.85417763157894,12.459671052631576,2.043980263157895,98.34763157894736,7,83
2023,1180.0529666666666,26.801611842105263,18.92727272727273,0.5500657894736843,40.85417763157894,12.459671052631576,2.043980263157895,98.34763157894736,7,83
2019,1180.0529666666666,26.801611842105263,18.92727272727273,0.5500657894736843,40.85417763157894,12.459671052631576,2.043980263157895,98.34763157894736,7,85
2020,1180.0529666666666,26.801611842105263,18.92727272727273,0.5500657894736843,40.85417763157894,12.459671052631576,2.043980263157895,98.34763157894736,7,85
2021,1180.0529666666666,26.801611842105263,18.92727272727273,0.5500657894736843,40.85417763157894,12.459671052631576,2.043980263157895,98.34763157894736,7,85
2022,1180.0529666666666,26.801611842105263,18.92727272727273,0.5500657894736843,40.85417763157894,12.459671052631576,2.043980263157895,98.34763157894736,7,85
2023,1180.0529666666666,26.801611842105263,18.92727272727273,0.5500657894736843,40.85417763157894,12.459671052631576,2.043980263157895,98.34763157894736,7,85
2019,1180.0529666666666,26.801611842105263,18.92727272727273,0.5500657894736843,40.85417763157894,12.459671052631576,2.043980263157895,98.34763157894736,7,87
2020,1180.0529666666666,26.801611842105263,18.92727272727273,0.5500657894736843,40.85417763157894,12.459671052631576,2.043980263157895,98.34763157894736,7,87
2021,1180.0529666666666,26.801611842105263,18.92727272727273,0.5500657894736843,40.85417763157894,12.459671052631576,2.043980263157895,98.34763157894736,7,87
2022,1180.0529666666666,26.801611842105263,18.92727272727273,0.5500657894736843,40.85417763157894,12.459671052631576,2.043980263157895,98.34763157894736,7,87
2023,1180.0529666666666,26.801611842105263,18.92727272727273,0.5500657894736843,40.85417763157894,12.459671052631576,2.043980263157895,98.34763157894736,7,87
2019,1180.0529666666666,26.801611842105263,18.92727272727273,0.5500657894736843,40.85417763157894,12.459671052631576,2.043980263157895,98.34763157894736,7,92
2020,1180.0529666666666,26.801611842105263,18.92727272727273,0.5500657894736843,40.85417763157894,12.459671052631576,2.043980263157895,98.34763157894736,7,92
2021,1180.0529666666666,26.801611842105263,18.92727272727273,0.5500657894736843,40.85417763157894,12.459671052631576,2.043980263157895,98.34763157894736,7,92
2022,1180.0529666666666,26.801611842105263,18.92727272727273,0.5500657894736843,40.85417763157894,12.459671052631576,2.043980263157895,98.34763157894736,7,92
2023,1180.0529666666666,26.801611842105263,18.92727272727273,0.5500657894736843,40.85417763157894,12.459671052631576,2.043980263157895,98.34763157894736,7,92
2019,1180.0529666666666,26.801611842105263,18.92727272727273,0.5500657894736843,40.85417763157894,12.459671052631576,2.043980263157895,98.34763157894736,7,13
2020,1180.0529666666666,26.801611842105263,18.92727272727273,0.5500657894736843,40.85417763157894,12.459671052631576,2.043980263157895,98.34763157894736,7,13
2021,1180.0529666666666,26.801611842105263,18.92727272727273,0.5500657894736843,40.85417763157894,12.459671052631576,2.043980263157895,98.34763157894736,7,13
2022,1180.0529666666666,26.801611842105263,18.92727272727273,0.5500657894736843,40.85417763157894,12.459671052631576,2.043980263157895,98.34763157894736,7,13
2023,1180.0529666666666,26.801611842105263,18.92727272727273,0.5500657894736843,40.85417763157894,12.459671052631576,2.043980263157895,98.34763157894736,7,13
2019,1180.0529666666666,26.801611842105263,18.92727272727273,0.5500657894736843,40.85417763157894,12.459671052631576,2.043980263157895,98.34763157894736,7,17
2020,1180.0529666666666,26.801611842105263,18.92727272727273,0.5500657894736843,40.85417763157894,12.459671052631576,2.043980263157895,98.34763157894736,7,17
2021,1180.0529666666666,26.801611842105263,18.92727272727273,0.5500657894736843,40.85417763157894,12.459671052631576,2.043980263157895,98.34763157894736,7,17
2022,1180.0529666666666,26.801611842105263,18.92727272727273,0.5500657894736843,40.85417763157894,12.459671052631576,2.043980263157895,98.34763157894736,7,17
2023,1180.0529666666666,26.801611842105263,18.92727272727273,0.5500657894736843,40.85417763157894,12.459671052631576,2.043980263157895,98.34763157894736,7,17
2019,1180.0529666666666,26.801611842105263,18.92727272727273,0.5500657894736843,40.85417763157894,12.459671052631576,2.043980263157895,98.34763157894736,7,26
2020,1180.0529666666666,26.801611842105263,18.92727272727273,0.5500657894736843,40.85417763157894,12.459671052631576,2.043980263157895,98.34763157894736,7,26
2021,1180.0529666666666,26.801611842105263,18.92727272727273,0.5500657894736843,40.85417763157894,12.459671052631576,2.043980263157895,98.34763157894736,7,26
2022,1180.0529666666666,26.801611842105263,18.92727272727273,0.5500657894736843,40.85417763157894,12.459671052631576,2.043980263157895,98.34763157894736,7,26
2023,1180.0529666666666,26.801611842105263,18.92727272727273,0.5500657894736843,40.85417763157894,12.459671052631576,2.043980263157895,98.34763157894736,7,26
2019,1180.0529666666666,26.801611842105263,18.92727272727273,0.5500657894736843,40.85417763157894,12.459671052631576,2.043980263157895,98.34763157894736,7,28
2020,1180.0529666666666,26.801611842105263,18.92727272727273,0.5500657894736843,40.85417763157894,12.459671052631576,2.043980263157895,98.34763157894736,7,28
2021,1180.0529666666666,26.801611842105263,18.92727272727273,0.5500657894736843,40.85417763157894,12.459671052631576,2.043980263157895,98.34763157894736,7,28
2022,1180.0529666666666,26.801611842105263,18.92727272727273,0.5500657894736843,40.85417763157894,12.459671052631576,2.043980263157895,98.34763157894736,7,28
2023,1180.0529666666666,26.801611842105263,18.92727272727273,0.5500657894736843,40.85417763157894,12.459671052631576,2.043980263157895,98.34763157894736,7,28
2019,1180.0529666666666,26.801611842105263,18.92727272727273,0.5500657894736843,40.85417763157894,12.459671052631576,2.043980263157895,98.34763157894736,7,46
2020,1180.0529666666666,26.801611842105263,18.92727272727273,0.5500657894736843,40.85417763157894,12.459671052631576,2.043980263157895,98.34763157894736,7,46
2021,1180.0529666666666,26.801611842105263,18.92727272727273,0.5500657894736843,40.85417763157894,12.459671052631576,2.043980263157895,98.34763157894736,7,46
2022,1180.0529666666666,26.801611842105263,18.92727272727273,0.5500657894736843,40.85417763157894,12.459671052631576,2.043980263157895,98.34763157894736,7,46
2023,1180.0529666666666,26.801611842105263,18.92727272727273,0.5500657894736843,40.85417763157894,12.459671052631576,2.043980263157895,98.34763157894736,7,46
2019,1180.0529666666666,26.801611842105263,18.92727272727273,0.5500657894736843,40.85417763157894,12.459671052631576,2.043980263157895,98.34763157894736,7,47
2020,1180.0529666666666,26.801611842105263,18.92727272727273,0.5500657894736843,40.85417763157894,12.459671052631576,2.043980263157895,98.34763157894736,7,47
2021,1180.0529666666666,26.801611842105263,18.92727272727273,0.5500657894736843,40.85417763157894,12.459671052631576,2.043980263157895,98.34763157894736,7,47
2022,1180.0529666666666,26.801611842105263,18.92727272727273,0.5500657894736843,40.85417763157894,12.459671052631576,2.043980263157895,98.34763157894736,7,47
2023,1180.0529666666666,26.801611842105263,18.92727272727273,0.5500657894736843,40.85417763157894,12.459671052631576,2.043980263157895,98.34763157894736,7,47
2019,1180.0529666666666,26.801611842105263,18.92727272727273,0.5500657894736843,40.85417763157894,12.459671052631576,2.043980263157895,98.34763157894736,7,69
2020,1180.0529666666666,26.801611842105263,18.92727272727273,0.5500657894736843,40.85417763157894,12.459671052631576,2.043980263157895,98.34763157894736,7,69
2021,1180.0529666666666,26.801611842105263,18.92727272727273,0.5500657894736843,40.85417763157894,12.459671052631576,2.043980263157895,98.34763157894736,7,69
2022,1180.0529666666666,26.801611842105263,18.92727272727273,0.5500657894736843,40.85417763157894,12.459671052631576,2.043980263157895,98.34763157894736,7,69
2023,1180.0529666666666,26.801611842105263,18.92727272727273,0.5500657894736843,40.85417763157894,12.459671052631576,2.043980263157895,98.34763157894736,7,69
2019,1180.0529666666666,26.801611842105263,18.92727272727273,0.5500657894736843,40.85417763157894,12.459671052631576,2.043980263157895,98.34763157894736,7,72
2020,1180.0529666666666,26.801611842105263,18.92727272727273,0.5500657894736843,40.85417763157894,12.459671052631576,2.043980263157895,98.34763157894736,7,72
2021,1180.0529666666666,26.801611842105263,18.92727272727273,0.5500657894736843,40.85417763157894,12.459671052631576,2.043980263157895,98.34763157894736,7,72
2022,1180.0529666666666,26.801611842105263,18.92727272727273,0.5500657894736843,40.85417763157894,12.459671052631576,2.043980263157895,98.34763157894736,7,72
2023,1180.0529666666666,26.801611842105263,18.92727272727273,0.5500657894736843,40.85417763157894,12.459671052631576,2.043980263157895,98.34763157894736,7,72
2019,1180.0529666666666,26.801611842105263,18.92727272727273,0.5500657894736843,40.85417763157894,12.459671052631576,2.043980263157895,98.34763157894736,7,86
2020,1180.0529666666666,26.801611842105263,18.92727272727273,0.5500657894736843,40.85417763157894,12.459671052631576,2.043980263157895,98.34763157894736,7,86
2021,1180.0529666666666,26.801611842105263,18.92727272727273,0.5500657894736843,40.85417763157894,12.459671052631576,2.043980263157895,98.34763157894736,7,86
2022,1180.0529666666666,26.801611842105263,18.92727272727273,0.5500657894736843,40.85417763157894,12.459671052631576,2.043980263157895,98.34763157894736,7,86
2023,1180.0529666666666,26.801611842105263,18.92727272727273,0.5500657894736843,40.85417763157894,12.459671052631576,2.043980263157895,98.34763157894736,7,86
2019,1180.0529666666666,26.801611842105263,18.92727272727273,0.5500657894736843,40.85417763157894,12.459671052631576,2.043980263157895,98.34763157894736,7,88
2020,1180.0529666666666,26.801611842105263,18.92727272727273,0.5500657894736843,40.85417763157894,12.459671052631576,2.043980263157895,98.34763157894736,7,88
2021,1180.0529666666666,26.801611842105263,18.92727272727273,0.5500657894736843,40.85417763157894,12.459671052631576,2.043980263157895,98.34763157894736,7,88
2022,1180.0529666666666,26.801611842105263,18.92727272727273,0.5500657894736843,40.85417763157894,12.459671052631576,2.043980263157895,98.34763157894736,7,88
2023,1180.0529666666666,26.801611842105263,18.92727272727273,0.5500657894736843,40.85417763157894,12.459671052631576,2.043980263157895,98.34763157894736,7,88
